date	tim_cook	satya_nadella	marissa_mayer	larry_ellison	john_donohoe	meg_whitman
1	0.00	0.00	0.00	0.00	0.00	0.00
2	1.32	-0.97	0.04	-1.85	-4.75	-3.19
3	1.47	-1.10	-0.77	-2.98	0.32	-2.81
4	-0.15	-1.72	0.09	-1.64	1.35	-0.24
5	-0.70	-1.61	0.09	-2.90	0.90	0.24
6	-2.13	-1.61	1.56	-3.42	5.05	3.24
7	-1.83	-1.08	1.93	-3.49	4.13	0.11
8	-1.07	-1.64	1.99	-4.06	3.47	2.36
9	0.70	-1.69	0.83	-4.17	1.27	3.10
10	-1.19	-2.87	0.59	-3.96	5.24	4.44
11	-0.36	-1.84	-0.12	-4.41	2.30	7.63
12	0.34	-1.89	-0.59	-4.81	3.49	8.08
13	-0.10	-1.20	-1.25	-4.80	1.34	8.04
14	-0.35	-2.63	1.40	-4.61	3.44	8.08
15	-0.74	-2.89	1.60	-4.63	-2.68	6.97
16	-1.12	-3.18	0.41	-4.68	-0.69	5.35
17	0.18	-2.78	1.18	-4.09	-2.82	5.41
18	3.34	-1.37	1.75	-3.80	-3.14	2.39
19	4.70	-2.04	1.47	-3.97	-4.77	3.80
20	6.52	-2.11	1.07	-4.68	-2.85	3.32
21	7.33	-3.01	0.40	-4.73	-2.63	2.54
22	6.81	-2.78	2.02	-4.07	-2.73	3.64
23	5.10	-3.06	0.78	-4.48	-2.85	3.82
24	2.84	-3.23	0.25	-3.13	-4.87	2.26
25	4.53	-2.10	-0.05	-4.06	-3.24	4.63
26	3.29	-1.82	0.20	-5.35	-4.78	6.54
27	3.55	-1.36	0.05	-4.88	-6.28	9.94
28	5.19	-1.51	-1.18	-5.31	-4.77	6.77
29	1.60	-1.40	-6.56	-5.67	-8.31	5.93
30	0.85	1.23	-7.41	-6.03	-6.87	5.71
31	-1.25	1.11	-9.03	-6.94	-9.08	7.15
32	-2.16	3.56	-9.27	-7.02	-5.94	8.14
33	-0.61	4.15	-8.80	-7.60	-5.12	11.41
34	1.65	6.28	-8.98	-7.21	-7.07	9.94
35	1.30	5.66	-9.39	-7.30	-4.78	8.17
36	2.26	5.74	-9.07	-8.37	-6.57	9.79
37	3.77	5.16	-9.56	-8.95	-6.56	10.89
38	5.36	7.55	-9.33	-7.87	-5.71	10.74
39	4.23	8.27	-9.45	-8.14	-7.98	13.23
40	0.42	7.63	-9.97	-8.12	-5.75	13.96
41	-0.21	7.24	-10.87	-8.43	-8.27	13.57
42	-2.29	7.33	-10.26	-7.60	-7.92	17.19
43	-1.39	7.13	-10.35	-7.19	-10.85	14.66
44	-1.11	8.20	-11.00	-6.91	-10.88	13.84
45	-0.86	7.38	-9.78	-7.46	-9.16	12.87
46	-3.07	7.28	-8.40	-8.81	-10.89	12.01
47	-2.95	7.68	-10.22	-9.09	-11.78	13.06
48	-1.08	8.73	-9.59	-8.96	-11.60	15.18
49	-0.23	8.02	-9.30	-9.59	-8.39	14.88
50	-1.26	9.28	-9.02	-8.97	-10.28	15.73
51	-2.00	9.65	-7.87	-8.47	-10.48	13.49
52	-2.25	8.35	-7.90	-9.09	-8.71	14.04
53	-2.72	7.48	-7.72	-12.03	-13.05	14.55
54	-2.30	6.58	-8.09	-11.52	-13.72	15.50
55	-1.09	6.66	-6.78	-10.50	-13.51	14.74
56	-3.74	6.57	-7.15	-10.28	-12.09	13.53
57	-5.80	8.61	-7.37	-10.12	-10.58	12.72
58	-6.37	11.25	-7.78	-10.30	-11.38	11.91
59	-5.04	9.49	-5.69	-9.96	-8.57	11.89
60	-4.37	8.90	-6.30	-9.57	-10.95	10.88
61	-4.33	7.48	-5.99	-17.18	-11.69	8.91
62	-4.40	6.74	-4.72	-16.90	-12.06	7.27
63	-4.05	5.68	-4.46	-18.02	-8.51	7.18
64	-2.03	6.16	-5.33	-19.06	-10.14	6.29
65	-2.14	7.48	-4.81	-19.66	-9.19	7.15
66	-2.31	8.51	-3.67	-19.83	-10.58	6.44
67	-2.38	7.70	-3.75	-19.27	-7.08	5.23
68	-2.69	6.98	-4.41	-19.15	-8.94	4.79
69	-4.32	8.54	-4.04	-19.20	-9.90	5.57
70	-3.10	8.84	-3.65	-18.30	-11.52	6.50
71	-2.69	7.93	-3.36	-18.87	-3.32	8.24
72	-2.93	7.99	-2.73	-18.94	-6.64	8.18
73	-3.21	6.85	-2.81	-18.26	-5.08	6.90
74	-3.66	7.42	-4.66	-18.10	-4.54	6.33
75	-1.30	8.32	-4.35	-18.32	-6.43	6.39
76	-2.45	7.05	-3.42	-18.41	-11.24	6.37
77	-1.60	6.30	-2.99	-18.47	-8.35	5.85
78	-1.12	5.20	-1.81	-18.80	-20.05	6.53
79	-1.79	5.03	-2.61	-19.37	-20.66	5.25
80	-2.18	5.32	3.86	-19.22	-21.24	4.46
81	-2.19	7.02	3.41	-19.61	-18.81	4.99
82	-0.63	6.77	3.64	-17.76	-16.05	4.87
83	-0.25	5.54	4.69	-18.79	-20.39	8.72
84	0.89	5.18	5.38	-18.81	-15.40	10.95
85	0.58	6.38	4.57	-19.35	-19.43	10.23
86	1.04	6.46	6.90	-18.93	-17.39	8.23
87	1.59	5.56	7.89	-18.57	-17.34	7.46
88	1.98	5.10	8.01	-18.80	-17.86	6.61
89	1.67	4.61	10.31	-19.67	-18.89	6.79
90	1.99	4.72	10.93	-19.64	-19.60	7.10
91	1.85	6.08	10.70	-19.50	-18.79	8.75
92	2.40	6.52	12.33	-18.11	-18.56	7.34
93	2.71	6.58	15.32	-17.85	-20.46	7.75
94	3.61	5.88	16.63	-17.41	-18.52	6.74
95	3.36	5.61	17.49	-16.81	-17.00	7.37
96	2.73	5.83	16.63	-17.11	-19.11	8.82
97	2.25	6.60	17.31	-16.27	-20.70	7.11
98	1.45	6.41	16.52	-16.96	-19.89	6.45
99	1.59	6.43	17.14	-16.85	-18.93	5.63
100	2.12	5.66	16.62	-17.50	-19.31	6.83
101	1.63	6.55	17.42	-18.12	-19.85	7.56
102	0.64	4.92	18.84	-17.53	-20.92	8.73
103	-1.07	4.15	17.76	-17.71	-23.42	7.97
104	0.71	4.25	16.72	-20.02	-20.20	7.21
105	-1.03	3.34	16.17	-20.49	-20.91	6.27
106	3.97	4.62	15.12	-20.84	-21.94	-1.47
107	3.97	5.52	17.69	-21.28	-22.20	-3.19
108	4.18	4.58	18.35	-22.88	-19.09	-4.68
109	5.69	5.15	19.67	-22.77	-19.97	-5.59
110	6.42	5.72	20.12	-22.53	-22.22	-8.12
111	5.07	5.25	21.20	-21.96	-19.08	-9.01
112	4.41	6.60	20.33	-21.66	-20.40	-8.37
113	3.78	10.46	19.81	-21.23	-21.02	-8.70
114	4.88	13.18	20.49	-20.17	-19.87	-10.55
115	5.91	11.83	23.15	-18.70	-23.19	-10.63
116	7.24	12.39	21.85	-18.49	-21.95	-10.66
117	10.51	11.58	19.67	-17.90	-23.19	-12.85
118	11.47	11.24	19.95	-19.74	-21.99	-13.22
119	12.47	10.11	20.26	-18.83	-24.85	-12.95
120	13.99	10.92	19.34	-17.18	-18.04	-13.79
121	11.97	9.71	21.53	-16.97	-24.83	-14.02
122	11.30	9.54	21.94	-17.39	-23.72	-13.67
123	11.59	8.30	22.30	-7.57	-19.81	-14.84
124	14.54	9.54	22.73	-7.17	-24.24	-15.98
125	14.74	9.21	22.79	-8.02	-24.85	-17.84
126	14.56	9.72	20.21	-8.73	-25.40	-19.03
127	15.63	9.77	18.86	-7.60	-22.76	-17.04
128	16.28	8.84	19.30	-6.70	-14.19	-17.60
129	17.60	10.60	16.64	-6.05	-28.08	-18.47
130	19.93	9.62	18.47	-5.42	-18.44	-18.21
131	19.49	8.86	15.96	-5.24	-20.45	-18.20
132	20.16	9.97	13.34	-4.71	-25.84	-16.98
133	18.55	10.25	14.99	-5.50	-23.33	-17.56
134	19.52	10.26	16.12	-4.61	-23.12	-18.88
135	18.58	11.26	16.91	-3.96	-28.50	-18.31
136	19.70	10.97	19.95	-3.68	-22.02	-19.20
137	19.67	11.04	19.60	-2.53	-27.03	-18.21
138	21.37	10.14	18.99	-1.35	-31.59	-16.21
139	22.60	10.66	17.96	-0.08	-23.27	-16.41
140	27.20	10.33	18.81	-0.34	-17.84	-11.53
141	25.68	9.93	21.66	-0.52	-32.69	-12.12
142	25.72	9.19	20.49	-2.70	-34.03	-12.38
143	28.09	8.90	19.97	-3.01	-34.60	-12.50
144	29.31	9.21	16.39	-5.91	-31.24	-11.43
145	28.52	10.01	19.30	-7.84	-30.59	-11.51
146	28.34	8.76	16.40	-8.41	-29.33	-12.02
147	27.45	9.05	15.81	-8.49	-25.56	-12.00
148	27.51	10.03	15.08	-9.55	-25.43	-11.12
149	29.18	11.10	15.49	-8.36	-33.57	-11.73
150	30.48	12.23	16.72	-8.48	-27.78	-12.19
151	29.24	13.92	19.61	-8.50	-32.69	-13.15
152	27.22	13.27	19.59	-7.27	-32.56	-12.46
153	30.09	13.52	21.99	-8.33	-33.29	-11.13
154	32.58	13.39	24.02	-9.22	-36.41	-11.12
155	33.49	13.49	23.26	-9.44	-29.37	-12.82
156	34.95	13.91	23.37	-9.51	-30.99	-11.58
157	36.97	13.09	22.69	-9.76	-36.09	-13.08
158	37.82	12.71	23.43	-8.70	-33.81	-14.75
159	36.18	15.08	23.17	-8.93	-34.60	-14.38
160	33.70	15.28	23.93	-9.60	-34.35	-13.69
161	31.84	14.53	25.04	-8.74	-41.90	-15.01
162	27.35	14.63	23.94	-8.24	-31.54	-14.80
163	31.44	14.32	23.59	-8.33	-37.10	-16.63
164	31.65	14.07	24.67	-9.77	-37.92	-17.44
165	28.13	14.31	25.58	-10.76	-33.09	-15.56
166	25.26	14.43	28.96	-10.21	-33.01	-16.82
167	26.25	15.12	32.91	-10.05	-39.15	-17.19
168	24.10	14.56	32.62	-9.73	-38.47	-17.37
169	32.08	14.21	31.83	-8.95	-34.09	-20.34
170	30.67	14.75	30.85	-8.34	-36.60	-17.42
171	28.88	15.15	31.51	-8.52	-33.80	-15.24
172	25.76	16.11	29.45	-8.69	-29.17	-14.47
173	25.18	16.14	28.72	-8.81	-36.38	-13.68
174	25.62	14.20	28.26	-8.63	-32.99	-13.60
175	26.20	14.89	28.23	-8.42	-28.89	-16.70
176	25.42	14.73	26.56	-8.26	-33.04	-17.82
177	26.30	13.72	26.66	-8.00	-33.02	-15.95
178	26.51	12.40	27.92	-8.47	-30.50	-15.38
179	27.22	13.63	26.53	-9.95	-31.69	-16.07
180	27.57	13.27	32.17	-11.50	-31.03	-15.94
181	26.72	12.63	33.55	-11.41	-32.50	-17.93
182	26.17	12.30	34.64	-10.36	-28.65	-17.79
183	25.39	12.13	35.13	-9.68	-34.02	-17.92
184	24.64	14.11	34.97	-9.27	-27.56	-18.02
185	23.59	13.51	34.17	-9.14	-27.03	-18.87
186	25.21	12.97	35.17	-7.96	-29.56	-21.70
187	29.31	13.66	36.12	-4.31	-28.88	-23.50
188	28.70	11.85	35.34	-3.90	-30.11	-22.23
189	31.32	12.45	35.88	-4.12	-32.64	-23.53
190	30.61	13.42	35.50	-3.78	-32.73	-24.15
191	30.00	14.11	35.76	-3.09	-32.09	-25.80
192	30.75	14.88	37.12	-3.40	-34.83	-26.94
193	33.90	16.44	36.74	-4.67	-33.24	-26.92
194	34.04	16.55	38.21	-4.64	-35.50	-26.82
195	33.94	16.57	39.61	-4.56	-32.09	-26.20
196	34.11	16.30	38.90	-5.68	-32.59	-26.43
197	32.89	15.72	35.77	-5.40	-28.41	-26.32
198	31.78	17.56	37.79	-4.74	-31.95	-26.61
199	32.47	17.28	36.87	-4.23	-29.60	-28.24
200	33.17	17.44	36.39	-4.42	-30.45	-28.62
201	33.36	14.95	38.00	-4.45	-31.68	-29.08
202	32.94	14.38	38.94	-4.24	-28.46	-26.57
203	33.17	14.87	41.03	-2.62	-35.55	-27.29
204	32.19	12.91	42.71	-3.13	-33.72	-29.71
205	31.10	11.00	40.22	-1.10	-30.60	-30.07
206	32.71	10.65	37.64	-2.19	-37.20	-30.16
207	31.53	10.62	38.42	-2.01	-31.66	-29.36
208	31.12	10.66	37.23	-0.46	-40.42	-30.64
209	32.53	14.07	39.26	-0.97	-39.24	-31.52
210	32.02	13.01	38.25	-0.05	-40.51	-31.80
211	32.02	11.69	38.21	0.18	-41.49	-32.36
212	31.48	13.57	43.00	-0.23	-36.38	-32.91
213	31.07	12.33	44.16	-0.66	-37.43	-32.96
214	31.00	11.59	43.40	-0.75	-39.34	-32.42
215	30.53	10.73	45.46	-0.01	-39.17	-33.24
216	31.71	11.05	42.98	-0.51	-36.08	-33.17
217	32.12	11.12	43.34	0.41	-38.54	-34.87
218	34.43	11.90	46.73	-0.01	-37.41	-35.04
219	35.30	12.40	42.91	-1.31	-35.41	-33.73
220	37.36	10.13	41.22	0.84	-31.49	-32.67
221	37.47	9.23	41.64	1.89	-34.22	-32.29
222	37.30	10.99	43.64	1.65	-34.69	-30.58
223	37.08	10.92	42.78	1.58	-34.23	-30.75
224	36.44	11.29	40.14	1.53	-32.36	-29.76
225	37.43	12.76	41.82	2.37	-36.71	-30.09
226	36.82	11.85	39.22	2.27	-34.71	-30.89
227	35.15	10.47	38.68	3.30	-36.37	-31.45
228	35.87	9.48	40.51	4.66	-33.81	-31.35
229	35.51	9.16	41.79	5.02	-39.69	-31.66
230	37.05	8.78	41.89	5.20	-37.52	-29.66
231	37.69	9.72	42.01	5.69	-36.42	-30.02
232	32.15	10.42	41.04	6.34	-37.33	-32.72
233	30.35	10.24	42.62	4.46	-38.03	-37.78
234	29.76	10.25	45.22	4.74	-40.06	-38.32
235	32.50	11.44	43.42	4.52	-41.95	-39.68
236	36.30	11.26	43.11	4.32	-37.27	-40.85
237	36.32	10.80	41.86	5.23	-39.03	-40.79
238	37.03	10.30	42.60	6.57	-38.00	-40.72
239	36.09	9.87	43.02	6.04	-42.98	-40.72
240	36.59	10.35	43.24	6.97	-38.97	-40.49
241	35.05	10.66	42.65	8.39	-38.50	-39.40
242	35.03	10.53	41.99	8.87	-36.04	-39.58
243	34.90	9.12	40.37	6.50	-35.92	-40.18
244	35.00	10.04	39.80	4.88	-40.37	-39.52
245	36.73	9.98	34.99	0.34	-38.60	-37.73
246	37.35	9.26	38.91	-0.51	-37.88	-37.78
247	36.53	1.06	39.51	-0.37	-36.66	-37.75
248	36.32	-1.50	39.50	-0.30	-41.39	-38.54
249	38.19	-0.52	37.58	-0.52	-35.05	-38.30
250	41.84	-3.33	36.92	-0.59	-37.75	-38.15
251	40.31	-2.10	35.61	-1.41	-39.65	-38.75
252	42.75	-2.41	38.45	-1.04	-36.06	-39.77
253	42.36	-1.62	37.51	-9.27	-35.47	-40.42
254	41.73	-1.20	36.44	-9.26	-38.43	-41.36
255	44.23	-0.86	41.85	-10.05	-38.95	-42.27
256	43.85	-0.59	40.55	-12.82	-38.21	-40.43
257	43.38	-1.31	40.79	-12.63	-36.76	-40.87
258	42.85	-2.10	40.92	-11.15	-32.83	-41.04
259	42.28	-1.62	41.20	-11.36	-32.29	-40.47
260	43.98	-0.58	39.17	-11.05	-35.57	-40.87
261	43.25	-1.34	53.08	-12.01	-36.34	-48.78
262	41.47	-1.60	53.02	-11.72	-31.49	-48.91
263	42.32	-2.03	51.18	-11.45	-32.13	-49.41
264	40.06	-1.85	44.17	-9.44	-33.34	-49.96
265	39.58	-1.30	42.42	-9.85	-35.35	-49.50
266	41.08	-1.57	44.90	-9.76	-35.04	-49.96
267	41.97	-1.78	46.10	-9.87	-32.52	-49.67
268	42.42	-2.03	44.95	-9.97	-35.50	-49.02
269	44.42	-2.02	44.58	-9.89	-34.53	-49.14
270	44.89	-2.82	44.51	-10.27	-32.54	-49.40
271	44.71	-3.61	44.32	-10.39	-26.02	-48.93
272	44.31	-3.85	41.72	-11.59	-24.65	-48.13
273	44.42	-4.04	39.63	-11.62	-25.79	-48.11
274	43.36	-4.65	39.60	-10.15	-28.63	-47.49
275	41.72	-3.84	38.86	-10.57	-27.67	-48.64
276	41.05	-4.08	39.66	-11.56	-27.75	-49.28
277	42.49	-4.00	39.54	-11.21	-29.40	-48.82
278	40.43	-7.03	40.90	-11.37	-28.03	-49.21
279	38.93	-5.80	43.93	-10.67	-26.30	-49.90
280	39.04	-6.49	43.31	-10.09	-24.64	-50.07
281	40.49	-6.33	42.43	-10.16	-27.40	-50.30
282	38.89	-5.40	40.22	-9.94	-24.29	-49.70
283	36.50	-6.07	41.28	-10.18	-24.27	-48.51
284	34.51	-5.38	39.69	-10.31	-22.64	-49.80
285	36.09	-5.14	39.83	-10.82	-27.81	-48.59
286	37.77	-4.74	40.05	-11.81	-24.41	-49.54
287	35.07	-5.71	42.86	-13.33	-26.38	-50.27
288	35.70	-6.02	42.57	-12.49	-23.04	-50.93
289	35.89	-7.10	41.10	-12.32	-22.00	-50.29
290	37.45	-8.18	40.58	-12.60	-21.21	-50.34
291	36.23	-7.99	40.57	-12.31	-23.56	-51.49
292	35.06	-7.46	40.50	-11.73	-25.20	-50.88
293	33.10	-8.56	40.75	-11.14	-23.58	-56.76
294	37.87	-6.31	43.27	-11.09	-27.16	-56.06
295	34.54	-6.20	43.32	-10.21	-26.30	-54.84
296	35.71	-7.21	43.75	-9.00	-27.33	-53.90
297	33.91	-7.52	43.40	-9.63	-25.11	-55.14
298	32.61	-7.38	46.99	-10.28	-25.82	-54.17
299	31.18	-7.15	47.29	-10.54	-26.74	-53.91
300	29.57	-7.19	46.00	-8.88	-26.60	-53.52
301	26.88	-6.47	48.66	-9.62	-26.97	-53.83
302	27.85	-6.63	46.46	-10.51	-28.48	-51.37
303	26.94	-6.40	48.44	-10.53	-27.92	-49.95
304	24.61	-4.74	49.22	-10.95	-28.61	-50.17
305	21.82	-5.68	49.89	-10.68	-27.46	-49.58
306	23.54	-5.33	52.57	-11.43	-26.09	-48.94
307	22.61	-4.93	52.62	-10.67	-26.94	-49.18
308	23.50	4.26	49.73	-9.58	-28.13	-48.07
309	23.72	5.27	54.61	-9.03	-28.70	-47.81
310	21.54	7.85	55.25	-8.07	-29.35	-46.53
311	21.32	8.31	61.11	-10.51	-26.21	-49.16
312	27.27	9.17	65.30	-12.50	-29.71	-48.77
313	26.15	7.82	63.86	-13.56	-30.91	-49.13
314	25.90	6.64	67.43	-13.54	-30.91	-49.05
315	26.36	6.88	66.73	-14.02	-29.68	-48.88
316	29.92	4.33	67.24	-14.29	-29.04	-49.91
317	29.26	4.73	70.72	-13.20	-28.65	-49.14
318	27.82	5.84	68.70	-12.40	-30.01	-49.36
319	28.35	5.21	66.05	-13.17	-29.56	-50.23
320	27.54	5.53	67.23	-12.95	-31.06	-49.17
321	28.08	6.02	67.80	-13.55	-28.95	-48.02
322	26.05	6.98	67.80	-14.33	-31.32	-47.41
323	18.85	6.11	66.04	-14.51	-31.06	-47.43
324	20.09	4.85	63.92	-14.37	-30.90	-47.27
325	17.46	4.08	60.57	-12.83	-31.45	-46.39
326	16.36	4.05	57.90	-12.88	-29.77	-45.03
327	17.51	3.31	59.12	-11.37	-30.81	-43.83
328	17.32	2.21	61.88	-10.26	-28.67	-44.31
329	16.13	2.67	60.92	-10.44	-25.73	-41.44
330	12.55	3.40	57.84	-9.75	-26.73	-42.77
331	13.05	3.23	56.87	-10.99	-25.89	-40.54
332	14.66	2.51	52.37	-10.22	-25.89	-41.24
333	13.41	3.05	52.97	-8.88	-25.68	-41.21
334	12.19	2.51	56.36	-5.58	-17.45	-40.89
335	12.77	1.90	54.38	-4.46	-18.60	-41.91
336	13.27	1.63	56.57	-6.78	-16.89	-41.47
337	12.55	0.96	57.62	-6.94	-16.30	-41.90
338	13.16	1.00	57.09	-8.70	-18.67	-41.88
339	12.92	0.98	55.91	-7.74	-17.44	-43.72
340	15.61	1.83	55.80	-8.27	-20.21	-43.79
341	15.72	1.34	55.10	-10.05	-17.36	-43.41
342	14.69	0.94	57.45	-10.68	-17.36	-44.24
343	11.46	0.28	60.75	-10.55	-17.40	-44.34
344	10.84	0.54	61.94	-11.36	-15.28	-43.59
345	11.45	0.66	64.91	-10.33	-14.64	-43.27
346	9.22	0.95	67.38	-9.55	-13.89	-44.06
347	10.01	-0.08	65.80	-11.41	-16.54	-43.11
348	9.20	-0.52	65.03	-11.94	-16.15	-43.21
349	5.58	-1.32	64.11	-11.88	-15.83	-42.20
350	2.47	-1.18	69.24	-12.38	-15.48	-42.69
351	6.49	-0.96	70.39	-12.70	-19.64	-42.66
352	5.15	-1.20	70.32	-14.24	-19.73	-43.35
353	4.63	-0.76	69.26	-14.11	-19.89	-43.39
354	5.35	-1.81	69.91	-14.96	-20.14	-43.16
355	6.92	-1.68	70.25	-15.22	-17.48	-41.19
356	-5.59	-1.69	69.71	-14.93	-17.18	-34.60
357	-8.39	-1.38	70.46	-14.36	-16.89	-34.09
358	-6.45	-1.69	68.72	-14.97	-17.17	-31.89
359	-4.67	-0.06	75.93	-14.70	-16.69	-32.66
360	-4.63	0.31	79.56	-14.75	-15.69	-31.36
361	-4.91	-1.00	78.22	-14.70	-15.19	-31.53
362	-6.40	-0.41	77.99	-14.64	-16.88	-32.41
363	-7.33	-0.89	84.55	-14.57	-18.81	-31.95
364	-5.30	-0.47	82.23	-14.55	-19.94	-30.04
365	-5.31	0.23	83.36	-14.73	-18.91	-30.52
366	-2.96	-0.76	85.01	-15.14	-20.10	-30.29
367	-2.45	-0.29	83.70	-14.78	-17.93	-30.37
368	-1.37	0.68	82.95	-13.61	-14.79	-28.91
369	-3.68	-2.34	83.29	-13.93	-15.06	-29.24
370	-4.17	-0.63	84.56	-13.76	-14.56	-27.52
371	-4.30	0.13	82.11	-13.52	-14.65	-26.47
372	-5.43	-0.20	83.09	-14.66	-13.76	-24.05
373	-6.11	-1.19	83.16	-14.12	-13.62	-22.92
374	-6.95	0.43	81.75	-14.47	-14.14	-24.14
375	-6.56	1.38	81.49	-14.37	-15.14	-25.40
376	-6.47	1.00	80.30	-14.49	-13.49	-23.53
377	-6.78	1.49	80.40	-14.85	-14.80	-23.10
378	-5.89	3.27	78.04	-13.72	-15.09	-21.72
379	-7.78	2.67	80.91	-9.91	-17.00	-22.01
380	-8.37	2.26	80.85	-8.11	-15.07	-21.42
381	-10.91	2.78	83.57	-8.44	-15.18	-22.49
382	-13.40	2.89	83.47	-8.09	-13.49	-26.87
383	-12.28	2.19	83.44	-8.53	-14.42	-26.68
384	-13.35	2.76	84.01	-7.39	-17.22	-25.52
385	-12.61	2.96	81.14	-7.39	-17.86	-26.14
386	-12.72	3.26	83.24	-7.09	-14.41	-26.70
387	-11.70	3.07	81.55	-6.52	-13.54	-26.09
388	-13.33	3.62	78.16	-6.77	-12.54	-27.09
389	-13.42	3.00	77.59	-6.76	-13.91	-31.86
390	-12.94	3.83	74.24	-7.24	-12.67	-31.68
391	-10.43	1.50	76.44	-8.36	-12.58	-30.75
392	-7.67	2.13	73.95	-7.98	-11.72	-30.62
393	-7.67	-0.40	71.10	-8.19	-12.90	-31.14
394	-8.87	0.84	67.22	-8.30	-15.13	-31.25
395	-7.84	1.17	73.77	-5.78	-12.33	-34.29
396	-6.62	0.91	60.45	-4.38	-12.13	-34.18
397	-6.00	1.05	59.56	-4.97	-12.82	-35.27
398	-6.99	0.05	63.48	-5.20	-16.09	-34.65
399	-8.94	1.24	62.68	-5.04	-17.04	-35.87
400	-11.13	1.92	64.80	-5.25	-16.85	-34.41
401	-13.14	0.89	64.83	-5.82	-15.23	-33.23
402	-13.38		66.42	-4.94	-18.20	-33.35
403	-11.96		68.12	-4.36	-15.15	-33.56
404	-13.00		69.60	-4.62	-18.04	-34.07
405	-13.35		71.15	-6.05	-17.74	-34.24
406	-13.23		69.01	-5.04	-17.41	-34.48
407	-13.49		69.24	-3.66	-19.22	-35.00
408	-13.32		67.83	-3.53	-17.03	-33.51
409	-13.66		67.01	-3.62	-18.28	-33.09
410	-14.43		66.23	-4.44	-18.42	-32.49
411	-14.37		64.99	-4.31	-18.45	-33.13
412	-14.35		62.96	-3.77	-16.62	-33.06
413	-17.55		62.40	-2.86	-16.82	-34.94
414	-18.77		61.91	-2.59	-18.54	-33.61
415	-20.09		63.31	-3.80	-18.62	-34.53
416	-19.13		65.96	-4.29	-18.67	-34.76
417	-18.51		67.24	-3.47	-18.91	-35.08
418	-18.66		66.61	-3.83	-18.50	-33.98
419	-18.57		69.66	-3.63	-21.01	-22.60
420	-16.54		68.87	-2.48	-18.47	-24.62
421	-14.67		69.78	-1.38	-18.24	-23.90
422	-12.75		66.28	-1.08	-16.73	-21.60
423	-12.65		63.56	-0.41	-18.34	-22.07
424	-12.51		62.47	2.29	-15.18	-23.89
425	-12.64		61.61	3.67	-17.16	-22.61
426	-10.92		62.81	5.08	-17.54	-23.03
427	-11.42		65.01	4.06	-18.89	-23.40
428	-10.86		70.25	4.47	-18.47	-23.72
429	-12.11		69.62	5.56	-19.76	-22.98
430	-13.54		67.00	4.68	-22.02	-24.07
431	-13.26		62.92	4.93	-21.79	-24.04
432	-15.91		65.28	5.22	-22.42	-21.10
433	-18.97		61.70	5.61	-22.61	-22.07
434	-17.74		58.10	5.06	-22.36	-22.17
435	-18.78		58.25	4.75	-23.32	-21.50
436	-16.89		59.73	5.27	-20.81	-21.31
437	-17.64		60.95	6.33	-22.29	-20.45
438	-16.40		59.29	5.56	-23.59	-20.87
439	-16.16		59.29	4.34	-23.43	-22.52
440	-15.59		59.63	3.61	-23.84	-24.01
441	-17.00		57.22	5.01	-20.91	-23.27
442	-15.83		54.64	-2.41	-21.36	-23.41
443	-15.15		51.02	-2.13	-21.33	-21.58
444	-14.63		53.25	-2.94	-22.06	-21.51
445	-14.68		55.28	-1.84	-20.90	-21.82
446	-14.45		53.50	-1.99	-23.13	-21.51
447	-14.16		53.11	-2.07	-21.93	-21.25
448	-16.00		54.88	-2.51	-22.49	-20.82
449	-16.45		58.00	-1.41	-22.95	-22.21
450	-17.12		65.74	-1.77	-24.39	-21.72
451	-16.48		65.50	-0.47	-23.32	-20.68
452	-16.63		64.55	-1.77	-22.51	-20.60
453	-16.99		61.80	-2.34	-24.22	-21.65
454	-17.59		60.00	-2.01	-23.17	-21.24
455	-17.92		58.27	-2.80	-24.58	-20.83
456	-18.66		57.63	-1.52	-26.97	-21.50
457	-19.41		55.43	-1.07	-23.44	-21.47
458	-18.73		62.68	-1.40	-26.00	-24.53
459	-19.21		62.79	-1.10	-17.48	-23.69
460	-20.48		64.81	-1.56	-19.56	-22.58
461	-21.11		66.58	-2.13	-18.93	-21.44
462	-22.65		66.19	-1.13	-18.28	-21.61
463	-24.07		66.60	-0.89	-17.04	-22.53
464	-23.56		56.05	-1.83	-18.06	-23.18
465	-21.84		55.99	-2.86	-20.04	-23.22
466	-20.05		54.47	-4.17	-20.21	-23.73
467	-19.85		54.89	-2.49	-20.55	-23.14
468	-21.30		55.18	-1.40	-17.57	-21.18
469	-21.87		55.25	-0.89	-20.92	-21.17
470	-20.93		54.76	0.10	-19.44	-22.32
471	-21.62		52.17	-0.08	-21.14	-21.33
472	-21.67		53.04	-0.51	-21.45	-21.12
473	-22.28		54.03	-0.20	-23.94	-21.22
474	-22.28		54.95	-0.24	-23.57	-21.52
475	-21.57		55.62	-0.87	-25.85	-20.20
476	-21.81		55.88	-0.99	-23.71	-20.22
477	-21.57		54.43	-0.51	-23.70	-22.49
478	-22.30		53.37	-0.14	-23.23	-21.02
479	-22.33		53.07	1.33	-21.22	-22.34
480	-23.20		52.17	1.93	-20.68	-22.98
481	-19.27		53.33	3.30	-22.79	-24.06
482	-20.22		52.47	1.85	-21.48	-34.23
483	-19.93		52.19	2.06	-22.50	-34.04
484	-18.38		51.52	2.17	-23.64	-34.42
485	-17.77		54.87	2.21	-21.04	-33.82
486	-18.14		54.85	1.61	-20.67	-32.23
487	-18.50		55.95	2.29	-22.65	-33.00
488	-17.76		57.54	2.06	-22.91	-32.97
489	-16.62		59.45	2.03	-20.35	-33.31
490	-16.75		59.66	1.08	-19.97	-34.27
491	-16.52		50.09	0.27	-18.44	-34.88
492	-17.58		47.90	0.70	-18.61	-34.02
493	-18.55		49.21	2.66	-18.97	-35.02
494	-16.46		48.22	2.30	-17.09	-35.68
495	-12.83		45.24	2.33	-16.65	-35.61
496	-10.88		43.47	2.54	-15.43	-36.35
497	-9.43		43.39	2.48	-14.91	-36.14
498	-8.54		41.45	2.15	-12.78	-37.02
499	-7.20		43.21	0.10	-14.39	-37.69
500	-9.04		45.10	0.55	-15.47	-37.94
501	-8.45		48.48	-1.02	-14.95	-39.43
502	-9.33		47.72	-2.13	-15.25	-39.45
503	-10.15		49.96	-3.03	-13.22	-39.36
504	-9.80		50.10	-3.52	-13.90	-39.29
505	-10.43		48.67	1.45	-14.66	-38.72
506	-10.38		46.50	3.90	-14.64	-39.43
507	-10.91		46.93	3.24	-15.34	-39.70
508	-10.97		48.04	2.69	-15.04	-40.06
509	-11.28		49.50	3.11	-15.60	-39.88
510	-10.35		49.79	3.51	-16.71	-39.58
511	-11.21		50.23	3.77	-18.11	-40.30
512	-10.71		42.24	5.27	-18.41	-39.86
513	-10.41		41.80	4.59	-18.29	-40.21
514	-12.99		40.11	4.17	-18.53	-39.51
515	-17.63		40.14	4.88	-18.59	-33.82
516	-16.55		40.49	5.50	-19.12	-36.08
517	-18.07		44.56	6.10	-19.97	-35.24
518	-20.58		50.69	5.76	-19.96	-35.35
519	-20.25		51.24	5.71	-20.37	-35.30
520	-19.44		50.48	5.66	-20.84	-34.69
521	-18.24		49.63	6.27	-25.81	-34.82
522	-18.78		52.80	7.17	-26.82	-35.39
523	-14.52		52.68	8.33	-26.58	-35.30
524	-14.86		52.47	8.05	-27.47	-34.08
525	-16.01		55.29	9.61	-26.80	-34.50
526	-15.79		52.81	9.13	-27.22	-34.54
527	-16.26		53.11	9.49	-27.13	-34.45
528	-17.07		53.27	8.93	-27.83	-34.78
529	-16.16		53.07	9.12	-28.20	-35.03
530	-15.82		51.50	9.39	-28.86	-33.69
531	-15.98		50.78	9.74	-27.59	-33.04
532	-16.79		52.06	11.39	-28.50	-28.82
533	-15.14		52.13	12.22	-29.08	-29.49
534	-14.61		52.18	11.32	-28.94	-30.37
535	-13.21		54.48	11.14	-29.99	-29.85
536	-14.59		55.68	10.58	-28.56	-28.27
537	-14.75		54.35	10.73	-28.50	-28.71
538	-14.72		54.74	10.13	-27.89	-27.60
539	-13.78		56.04	9.73	-27.85	-27.96
540	-14.38		54.17	8.77	-28.99	-28.05
541	-14.33		54.05	8.14	-28.79	-32.03
542	-14.71		55.67	7.65	-27.53	-31.88
543	-12.75		56.61	8.41	-27.23	-31.82
544	-13.21		56.65	8.02	-26.36	-31.54
545	-11.87		59.12	8.62	-26.57	-31.50
546	-11.19		58.38	7.74	-27.45	-32.08
547	-12.50		60.04	7.97	-28.46	-31.84
548	-11.78		60.95	7.77	-28.87	-31.73
549	-14.25		69.63	6.35	-29.74	-32.74
550	-12.41		66.90	4.87	-27.37	-27.14
551	-12.52		67.12	6.72	-25.27	-27.44
552	-13.02		67.41	7.78	-25.24	-27.26
553	-12.22		74.91	8.07	-24.64	-26.64
554	-12.52		75.43	6.37	-23.91	-24.97
555	-13.09		74.78	5.45	-24.27	-27.23
556	-12.85		73.93	3.75	-23.86	-26.56
557	-12.87		70.68	3.63	-25.35	-27.87
558	-13.14		66.51	3.40	-26.77	-28.28
559	-12.97		59.05	3.34	-27.62	-27.40
560	-13.87		61.37	3.45	-27.76	-28.35
561	-12.79		63.11	4.89	-27.65	-27.94
562	-13.60		62.47	4.85	-27.95	-28.10
563	-13.85		67.89	5.36	-28.11	-26.52
564	-13.31		67.55	4.37	-28.61	-27.20
565	-13.85		68.97	7.64	-29.05	-25.58
566	-13.87		69.88	6.76	-28.94	-27.08
567	-14.57		70.33	6.62	-29.67	-27.18
568	-13.99		70.80	7.34	-30.45	-27.01
569	-12.91		73.65	6.11	-29.88	-26.83
570	-11.46		73.90	5.45	-29.51	-26.95
571	-10.15		71.28	6.86	-30.56	-27.22
572	-10.61		74.90	6.88	-30.31	-27.85
573	-7.98		72.54	7.30	-30.82	-28.09
574	-8.22		69.70	7.15	-31.05	-26.13
575	-7.63		67.36	8.00	-30.33	-25.93
576	-9.58		67.16	9.56	-30.63	-26.92
577	-8.68		68.41	8.89	-29.33	-29.03
578	-8.64		68.23	10.43	-29.24	-28.45
579	-8.03		69.56	10.30	-29.48	-28.54
580	-8.03		69.39	10.51	-30.47	-26.37
581	-9.10		78.54	10.10	-30.01	-25.72
582	-9.24		78.25	10.54	-29.45	-26.30
583	-9.52		80.76	13.83	-30.46	-24.53
584	-11.23		85.65	12.54	-29.68	-23.54
585	-11.99		87.24	12.11	-29.92	-23.79
586	-12.26		86.06	12.11	-30.57	-24.25
587	-9.86		86.19	11.74	-30.66	-25.02
588	-10.38		85.28	10.80	-29.93	-25.67
589	-11.23		86.12	10.10	-30.43	-24.57
590	-11.61		89.71	8.93	-30.06	-23.78
591	-12.43		91.37	8.99	-29.49	-22.85
592	-11.88		92.52	8.04	-30.74	-23.59
593	-12.42		95.26	7.61	-30.92	-23.89
594	-14.12		97.91	8.77	-30.70	-24.44
595	-13.27		96.09	8.03	-29.31	-24.31
596	-14.70		101.65	7.59	-28.11	-24.80
597	-14.41		101.04	9.05	-27.44	-24.37
598	-15.31		105.65	8.95	-27.44	-24.11
599	-16.26		108.89	9.41	-25.66	-25.20
600	-14.57		105.04	10.57	-25.40	-24.55
601	-14.31		101.55	10.45	-23.78	-24.58
602	-13.26		103.08	10.64	-23.71	-24.24
603	-13.82		101.77	9.83	-22.60	-23.82
604	-15.50		103.09	10.28	-19.94	-25.44
605	-14.76		102.52	10.77	-19.14	-25.15
606	-14.73		102.10	11.59	-18.74	-23.81
607	-13.53		101.18	12.86	-18.79	-24.74
608	-13.23		97.45	13.45	-18.44	-24.93
609	-11.57		98.51	13.22	-19.09	-24.94
610	-18.92		96.21	13.01	-18.83	-24.97
611	-18.92		96.92	11.63	-17.72	-25.81
612	-20.48		98.72	11.65	-17.13	-25.30
613	-19.99		95.01	11.24	-16.75	-25.14
614	-17.68		97.44	11.61	-17.52	-25.46
615	-17.22		95.70	11.54	-18.53	-26.00
616	-16.18		97.63	10.88	-19.66	-25.53
617	-17.13		101.14	11.06	-16.86	-24.64
618	-17.37		101.56	10.80	-18.05	-25.70
619	-16.35		100.13	12.06	-18.95	-25.21
620	-16.11		101.07	11.46	-19.82	-26.28
621	-16.32		99.76	11.03	-20.13	-26.91
622	-15.78		98.93	10.96	-20.73	-26.25
623	-15.92		99.31	10.62	-21.74	-25.81
624	-16.17		95.56	10.60	-21.12	-24.04
625	-16.82		97.69	10.26	-21.09	-20.94
626	-18.35		97.13	9.78	-20.58	-21.50
627	-19.18		95.85	8.81	-21.37	-19.54
628	-19.39		99.75	7.83	-21.41	-19.39
629	-20.13		98.71	9.14	-21.64	-17.18
630	-20.93		97.75	8.95	-21.17	-16.52
631	-19.86		96.74	8.83	-21.18	-17.16
632	-19.87		99.63	6.24	-20.70	-16.96
633	-19.06		94.67	5.72	-22.31	-17.00
634	-19.93		97.60	5.77	-22.19	-16.14
635	-19.87		96.93	6.29	-22.54	-15.35
636	-20.00		94.91	5.62	-22.72	-16.13
637	-19.75		93.05	6.14	-22.54	-14.83
638	-19.64		90.80	6.02	-21.69	-13.67
639	-18.36		88.44	5.73	-22.73	-15.02
640	-18.58		86.82	5.53	-23.75	-15.77
641	-18.29		90.64	5.17	-23.77	-12.86
642	-18.92		92.33	4.97	-23.17	-12.62
643	-19.27		91.75	4.96	-21.71	-11.91
644	-19.56		91.68	4.11	-21.55	-13.52
645	-19.10		93.04	3.20	-21.81	-14.36
646	-19.70		90.99	2.28	-20.99	-16.03
647	-18.27		86.64	2.86	-21.25	-16.53
648	-16.31		73.97	2.62	-16.60	-17.77
649	-15.56		76.82	4.06	-14.62	-17.17
650	-15.16		78.00	3.33	-15.43	-16.92
651	-15.07		76.16	4.20	-13.18	-16.54
652	-15.26		73.96	3.60	-11.79	-14.91
653	-16.14		70.24	2.65	-10.61	-13.49
654	-16.75		68.63	2.20	-10.19	-13.46
655	-16.77		67.83	2.50	-11.60	-14.83
656	-16.60		67.61	1.89	-10.49	-15.15
657	-15.49		66.71	1.95	-10.61	-15.41
658	-15.83		68.46	1.79	-11.78	-15.20
659	-16.51		69.11	2.76	-9.76	-14.42
660	-16.85		65.54	3.06	-9.85	-14.32
661	-15.30		65.76	3.72	-10.16	-14.40
662	-14.78		67.86	3.69	-9.54	-14.70
663	-14.92		65.83	3.38	-9.13	-13.21
664	-15.78		63.48	2.82	-9.73	-13.40
665	-16.69		62.68	3.80	-9.82	-14.22
666	-15.92		66.65	3.69	-9.10	-14.38
667	-15.46		66.04	3.06	-8.20	-13.57
668	-16.18		66.21	3.03	-8.31	-13.77
669	-16.60		64.10	2.07	-9.25	-15.22
670	-10.22		59.46	3.01	-8.74	-17.61
671	-7.94		65.00	2.29	-8.77	-13.24
672	-4.35		65.12	3.23	-7.45	-15.86
673	-5.31		64.26	1.58	-7.31	-14.98
674	-5.92		62.02	1.54	-9.72	-14.71
675	-5.99		63.63	0.63	-12.03	-14.96
676	-5.74		63.27	0.04	-13.44	-15.02
677	-4.73		63.53	-0.01	-12.55	-14.30
678	-4.44		63.95	0.20	-13.83	-14.48
679	-4.47		64.45	0.24	-14.32	-15.09
680	-4.80		65.20	0.43	-12.93	-15.66
681	-5.67		67.03	0.15	-12.85	-16.20
682	-6.15		67.86	-1.15	-12.53	-16.55
683	-5.70		66.95	-0.93	-12.25	-17.33
684	-5.00		66.28	-0.31	-13.00	-16.32
685	-5.08		65.70	0.41	-11.75	-12.15
686	-4.18		68.87	-0.39	-13.01	-13.01
687	-3.87		70.36	-0.78	-12.70	-13.31
688	-3.17		71.79	-0.92	-14.91	-14.31
689	-3.73		69.28	0.30	-15.80	-14.81
690	-4.11		68.95	0.92	-19.00	-15.62
691	-3.76		68.48	-0.73	-19.35	-14.89
692	-3.13		68.32	11.49	-19.88	-15.95
693	-3.12		65.46	10.43	-19.95	-17.40
694	-1.88		65.47	10.57	-19.71	-16.60
695	-2.13		69.99	13.90	-19.80	-16.95
696	-2.67		70.90	12.62	-20.33	-17.71
697	-1.22		68.49	11.08	-20.88	-17.43
698	-0.51		67.22	11.15	-19.64	-18.14
699	-1.16		70.40	13.12	-19.92	-18.37
700	-2.01		70.03	13.11	-19.82	-18.05
701	-0.78		70.32	13.44	-20.91	-17.84
702	-0.23		67.92	12.98	-22.72	-17.99
703	-0.51		66.60	12.47	-21.29	-17.07
704	-1.39		65.32	11.87	-21.27	-17.14
705	-2.76		62.74	12.23	-20.57	-17.17
706	-2.02		61.03	12.74	-20.84	-16.72
707	-2.51		62.90	11.85	-20.13	-15.27
708	-2.98		63.33	11.24	-19.70	-15.02
709	-3.24		63.41	11.37	-19.47	-15.41
710	-4.43		60.52	12.33	-14.16	-15.97
711	-4.53		60.47	12.43	-15.82	-15.04
712	-4.71		58.23	11.88	-15.33	-15.79
713	-5.26		56.13	12.70	-14.27	-15.61
714	-4.68		55.79	12.51	-14.49	-14.24
715	-3.96		57.77	12.49	-15.26	-13.74
716	-3.20		65.27	12.41	-14.92	-12.87
717	-3.68		64.18	11.54	-15.20	-12.85
718	-3.71		62.68	12.97	-13.27	-12.23
719	-3.75		64.14	13.66	-12.56	-12.92
720	-1.00		66.06	13.40	-12.23	-13.20
721	-0.30		65.81	12.61	-12.28	-13.22
722	-0.88		65.16	12.47	-12.66	-13.34
723	-0.73		62.75	12.56	-11.99	-13.49
724	-0.98		50.59	13.07	-13.61	-13.34
725	-0.26		57.19	13.11	-6.78	-13.86
726	-0.89		59.86	13.63	-7.36	-13.82
727	-1.67		59.17	14.33	-9.36	-14.26
728	-2.04		58.63	15.25	-7.33	-13.92
729	-2.17		58.27	16.09	-8.02	-15.40
730	-2.51		57.41	15.46	-7.61	-15.57
731	-2.39		57.80	14.39	-8.11	-15.60
732	-0.24		58.90	14.89	-7.93	-16.43
733	-0.37		58.37	14.72	-9.02	-12.07
734	0.79		57.88	14.99	-8.85	-12.57
735	2.29		57.92	15.49	-8.80	-12.20
736	1.68		57.37	15.69	-9.19	-10.86
737	0.99		55.87	15.96	-11.04	-10.06
738	0.46		54.70	15.44	-10.31	-10.22
739	1.41		54.36	15.70	-11.26	-10.64
740	0.13		50.08	16.09	-13.33	-10.87
741	0.34		49.46	15.23	-13.48	-10.33
742	0.12		49.90	15.78	-13.64	-11.09
743	0.08		49.77	15.92	-14.13	-11.68
744	-0.47		50.67	15.39	-13.22	-12.57
745	0.15		48.49	17.19	-14.13	-12.96
746	0.40		47.50	18.31	-14.08	-13.04
747	0.70		47.24	18.21	-13.93	-13.78
748	0.54		46.77	17.33	-14.32	-13.79
749	0.77		48.91	16.81	-14.31	-13.60
750	1.00		49.64	17.79	-13.08	-14.22
751	1.96		46.91	18.56	-14.33	-13.43
752	2.02		46.20	17.58	-15.08	-13.22
753	1.91		46.79	18.25	-14.28	-13.48
754	2.51		46.17	18.26	-12.47	-13.25
755	2.31		46.47	18.82	-12.84	-14.50
756	1.36		44.10	18.47	-16.21	-15.00
757	2.63		42.53	18.64	-14.98	-14.95
758	3.02		41.28	17.46	-14.09	-15.57
759	2.76		42.36	16.35	-15.83	-16.41
760	3.16		41.37	18.24	-15.22	-14.98
761	-0.64		42.39	17.88	-15.12	-15.85
762	-1.24		40.99	18.81	-13.97	-16.10
763	-0.84		40.24	24.16	-14.21	-15.29
764	-1.65		40.41	22.35	-14.96	-10.86
765	-1.16		41.90	21.81	-15.53	-13.50
766	1.12		41.16	22.96	-15.13	-13.42
767	1.43		42.13	23.36	-15.65	-15.57
768	2.20		41.36	23.13	-16.24	-15.62
769	3.27		41.95	22.00	-15.71	-16.44
770	1.73		42.25	22.53	-13.77	-17.86
771	2.24		39.89	21.87	-14.12	-16.19
772	1.76		38.09	22.08	-14.42	-13.17
773	1.23		37.30	22.28	-14.53	-13.60
774	2.49		35.94	22.27	-14.56	-15.60
775	4.53		33.23	22.41	-12.04	-15.34
776	2.57		33.63	21.74	-12.39	-15.24
777	0.61		35.46	21.83	-10.57	-15.49
778	2.53		35.03	21.86	-10.73	-16.09
779	2.02		34.34	22.77	-9.74	-15.25
780	2.96		35.46	22.66	-11.42	-16.14
781	2.99		35.67	21.80	-10.98	-16.24
782	3.55		33.28	21.75	-11.98	-16.69
783	2.21		27.39	21.32	-12.44	-16.55
784	2.69		32.99	20.45	-12.73	-16.74
785	3.40		33.75	20.61	-12.15	-16.37
786	3.58		32.10	20.91	-10.90	-15.67
787	5.95		31.43	20.87	-11.70	-16.06
788	8.17		30.63	20.60	-11.55	-15.42
789	8.77		30.26	20.21	-10.49	-14.56
790	7.27		30.37	20.49	-12.26	-15.05
791	6.25		28.88	20.42	-11.53	-15.89
792	4.81		31.22	19.19	-11.91	-16.32
793	5.32		28.98	20.18	-12.12	-15.19
794	6.14		30.42	20.60	-12.62	-13.74
795	6.47		27.88	20.12	-13.54	-14.11
796	7.90		25.76	19.59	-15.36	-14.36
797	8.11		26.99	19.35	-16.15	-15.41
798	7.76		24.62	18.21	-16.91	-14.85
799	7.59		28.08	18.07	-17.27	-15.06
800	7.39		25.62	17.02	-17.09	-14.82
801	8.35			15.81	-16.55	-11.90
802	7.58			16.30	-14.94	-12.20
803	7.09			14.52	-16.38	-12.15
804	8.29			14.73	-17.51	-11.79
805	7.85			14.52	-16.48	-11.91
806	8.18			16.26	-13.85	-11.77
807	7.61			13.87	-13.88	-10.90
808	8.05			14.24	-14.53	-12.62
809	7.43			16.85	-14.69	-13.68
810	8.08			16.83	-16.21	-14.09
811	9.27			16.25	-17.86	-12.00
812	10.69			15.90	-18.16	-12.03
813	11.83			16.84	-16.90	-12.04
814	12.06			17.25	-17.35	-11.62
815	12.76			18.96	-16.42	-10.37
816	12.61			14.37	-17.10	-9.68
817	13.59			12.81	-17.90	-9.82
818	13.48			13.00	-19.41	-10.35
819	14.55			12.28	-19.46	-8.78
820	13.49			11.06	-19.98	-8.53
821	14.14			10.65	-15.07	-8.81
822	13.97			10.65	-12.25	-8.78
823	11.77			12.67	-12.32	-8.20
824	10.68			12.07	-12.89	-8.74
825	11.50			12.48	-12.40	-8.31
826	11.19			11.60	-12.50	-8.40
827	10.46			11.52	-11.87	-7.91
828	8.87			10.39	-11.44	-7.99
829	9.94			9.78	-12.54	-7.49
830	9.75			10.68	-12.69	-6.88
831	8.86			11.49	-12.13	-7.83
832	8.28			12.01	-11.30	-8.02
833	7.91			13.03	-10.81	-8.39
834	7.77			12.35	-9.92	-10.01
835	8.18			12.09	-11.11	-10.90
836	8.94			11.34	-11.02	-10.64
837	7.71			12.59	-11.63	-11.00
838	8.46			13.71	-10.33	-9.17
839	8.44			14.70	-8.60	-9.27
840	7.75			15.26	-9.00	-12.33
841	8.89			16.11	-9.08	-14.05
842	8.82			16.96	-10.39	-13.71
843	8.15			16.39	-9.27	-13.21
844	7.02			15.79	-11.00	-16.05
845	6.21			16.15	-9.69	-16.01
846	4.86			14.82	-11.38	-13.95
847	6.24			12.90	-12.74	-13.46
848	6.39			12.28	-13.79	-14.22
849	8.48			13.36	-8.38	-13.85
850	9.34			12.92	-7.67	-14.22
851	7.54			13.46	-8.63	-14.76
852	8.57			12.93	-8.19	-14.35
853	8.68			12.93	-8.83	-14.92
854	7.31			12.23	-9.26	-15.14
855	5.02			12.06	-9.16	-15.30
856	7.25			10.18	-11.48	-16.25
857	7.78			9.44	-12.53	-16.06
858	8.65			10.78	-12.02	-16.57
859	9.04			11.73	-10.83	-17.09
860	8.84			11.81	-11.22	-16.56
861	7.05			13.32	-11.70	-24.82
862	14.16			13.45	-10.41	-26.56
863	16.58			15.33	-10.25	-24.40
864	16.06			15.12	-9.39	-24.90
865	16.48			14.80	-9.74	-25.23
866	15.24			14.34	-9.98	-25.86
867	16.40			14.36	-10.58	-26.51
868	15.58			14.25	-10.77	-27.47
869	15.11			13.97	-11.98	-28.20
870	16.32			14.40	-9.02	-27.60
871	17.03			13.54	-13.03	-27.58
872	19.44			13.80	-11.07	-27.98
873	19.54			13.74	-12.44	-28.30
874	19.24			14.54	-11.64	-29.25
875	19.81			15.37	-7.32	-29.26
876	20.47			15.76	-3.11	-28.61
877	19.77			15.04	-4.46	-29.15
878	19.99			14.75	-4.70	-28.69
879	23.11			17.70	-4.21	-28.10
880	22.16			16.59	-2.74	-28.17
881	19.06			16.77	-2.57	-28.88
882	20.07			16.62	-2.46	-29.11
883	18.84			16.24	-3.70	-30.66
884	18.36			15.87	-4.23	-31.27
885	19.28			16.18	-6.76	-31.52
886	18.83			15.25	-7.92	-30.94
887	16.49			15.02	-9.24	-30.80
888	17.98			14.33	-7.96	-30.28
889	18.12			13.60	-6.42	-31.08
890	17.65			14.50	-5.41	-31.43
891	15.74			13.51	-5.49	-31.69
892	16.78			13.72	-5.07	-30.78
893	16.49			13.71	-4.15	-29.40
894	16.39			13.99	-5.18	-29.63
895	18.15			13.06	-5.77	-28.99
896	18.39			12.37	-4.76	-29.43
897	17.27			13.65	-4.19	-28.96
898	15.02			13.18	-3.88	-27.95
899	16.57			12.70	-3.91	-28.66
900	16.47			13.33	-6.69	-28.32
901	16.18			13.69	-8.15	-28.89
902	17.31			13.40	-9.56	-29.65
903	15.71			12.69	-9.47	-29.61
904	17.29			12.55	-11.57	-29.18
905	16.59			11.71	-11.08	-28.56
906	16.91			10.92	-8.39	-28.14
907	17.75			9.98	-10.58	-27.27
908	18.92			9.76	-10.64	-27.76
909	17.84			9.61	-9.21	-27.69
910	16.49			10.36	-7.61	-28.85
911	16.82			11.14	-8.16	-28.52
912	16.82			12.08	-9.14	-28.08
913	16.77			12.44	-8.97	-27.31
914	16.52			12.94	-10.30	-28.75
915	16.18			12.10	-11.66	-28.00
916	15.69			11.54	-10.58	-28.14
917	16.15			10.97	-10.85	-28.31
918	17.31			10.39	-11.70	-29.48
919	16.22			10.96	-12.74	-29.05
920	17.30			11.49	-13.60	-29.77
921	17.77			12.11	-12.61	-28.43
922	17.48			12.09	-14.07	-26.44
923	20.37			13.96	-13.14	-28.56
924	18.59			13.72	-12.48	-28.75
925	17.58			13.03	-12.80	-28.91
926	16.30			13.25	-11.49	-29.05
927	18.30			12.95	-13.81	-28.46
928	17.80			12.32	-14.84	-28.12
929	16.95			12.46	-14.77	-28.27
930	16.68			12.89	-15.02	-29.11
931	16.30			13.00	-12.82	-30.04
932	17.12			13.03	-12.05	-29.89
933	16.16			12.92	-11.92	-30.01
934	16.14			13.74	-9.87	-30.18
935	16.15			12.86	-9.85	-31.09
936	17.23			12.61	-10.13	-30.89
937	17.13			12.39	-9.82	-32.10
938	17.72			11.92	-10.10	-32.57
939	17.80			11.45	-12.15	-31.51
940	17.76			11.90	-10.28	-32.69
941	18.51			10.58	-11.05	-33.07
942	19.59			9.75	-11.28	-33.76
943	18.27			5.87	-11.24	-33.98
944	18.73			6.33	-11.19	-33.68
945	18.70			4.95	-11.18	-34.25
946	17.99			6.74	-11.17	-35.28
947	17.93			7.19	-11.45	-34.90
948	17.55			5.53	-12.40	-35.19
949	17.17			5.67	-12.20	-34.43
950	17.41			5.57	-10.77	-34.01
951	16.55			5.82	-14.11	-34.04
952	16.86			5.78	-13.25	-33.62
953	16.70			5.72	-13.62	-33.20
954	16.57			4.77	-14.03	-33.51
955	16.18			5.19	-12.93	-33.95
956	15.61			3.72	-12.31	-34.72
957	15.87			2.53	-12.59	-35.63
958	15.90			2.69	-14.81	-35.57
959	15.41			3.45	-15.60	-36.69
960	14.40			3.82	-17.39	-37.24
961	13.61			2.94	-14.77	-37.16
962	13.69			2.49	-13.59	-36.59
963	13.04			2.08	-13.35	-35.92
964	14.84			0.89	-13.53	-34.64
965	14.52			-0.18	-14.53	-34.79
966	14.56			0.89	-14.75	-35.35
967	15.32			-0.30	-14.72	-35.94
968	15.49			-0.15	-15.30	-36.16
969	15.96			-0.74	-15.31	-35.70
970	15.91			-0.49	-14.74	-35.90
971	15.90			-1.37	-13.76	-36.79
972	15.49			-1.21	-14.48	-37.22
973	14.63			-1.59	-15.18	-36.51
974	12.01			-2.37	-14.64	-35.80
975	13.27			-3.05	-14.52	-37.19
976	13.78			-1.93	-14.31	-36.16
977	12.99			-4.78	-14.24	-37.30
978	14.21			-3.49	-14.69	-37.87
979	14.29			-3.04	-15.22	-39.12
980	14.24			-2.82	-13.84	-38.75
981	16.20			-2.57	-12.07	-39.48
982	15.28			-3.39	-10.42	-39.56
983	11.18			-3.44	-10.12	-40.47
984	11.67			-5.57	-10.86	-39.61
985	12.35			-5.99	-8.13	-37.13
986	11.86			-6.57	-7.48	-36.70
987	11.32			-5.92	-7.04	-38.60
988	10.48			-4.03	-7.53	-37.87
989	9.56			-2.54	-9.15	-37.81
990	8.61			-3.03	-8.23	-37.47
991	6.32			-2.88	-8.14	-36.73
992	3.11			-3.64	-8.70	-35.39
993	3.10			-3.41	-9.04	-36.51
994	4.55			-3.41	-8.57	-35.99
995	5.18			-3.42	-9.16	-37.94
996	7.75			-3.75	-8.52
997	3.47			-4.90	-8.55
998	4.90			-6.36	-7.39
999	5.05			-7.73	-6.69
1000	5.48			-8.24	-9.12
1001	5.66			-8.14	-6.96
1002	5.74			-7.20	-7.42
1003	5.22			-5.99	-8.27
1004	6.05			-4.94	-8.23
1005	3.20			-5.05	-7.38
1006	4.62			-5.56	-8.82
1007	5.71			-3.89	-8.03
1008	7.22			-2.50	-8.47
1009	7.74			-1.81	-9.55
1010	7.74			-3.04	-9.88
1011	8.40			-4.03	-9.98
1012	6.69			-4.75	-11.55
1013	8.60			-5.53	-11.27
1014	7.07			-0.03	-12.17
1015	7.12			-1.90	-12.79
1016				-2.76	-10.16
1017				-3.85	-10.57
1018				-4.15	-10.59
1019				-2.99	-10.01
1020				-3.46	-9.54
1021				-2.74	-10.41
1022				-3.40	-10.57
1023				-3.10	-10.76
1024				-2.91	1.86
1025				-4.10	1.27
1026				-4.65	0.67
1027				-4.34	0.08
1028				-5.76	-0.78
1029				-7.03	1.48
1030				-6.53	1.31
1031				-5.01	1.55
1032				-3.34	0.75
1033				-2.28	1.45
1034				-1.02	0.70
1035				0.20	0.61
1036				0.37	2.17
1037				0.59	2.88
1038				0.23	4.23
1039				0.13	5.94
1040				-0.69	4.73
1041				-1.23	4.58
1042				-1.14	4.38
1043				-2.15	4.60
1044				-1.78	4.61
1045				-2.64	4.11
1046				-2.05	4.65
1047				-2.67	4.18
1048				-3.11	5.00
1049				-2.74	5.37
1050				-0.32	7.24
1051				0.23	8.99
1052				-0.09	5.23
1053				-1.73	4.54
1054				-2.22	6.56
1055				-2.43	7.00
1056				-2.94	7.94
1057				-4.51	8.54
1058				-4.64	8.96
1059				-4.34	8.31
1060				-4.43	9.86
1061				-5.03	8.52
1062				-5.35	7.48
1063				-5.18	6.70
1064				-6.51	6.77
1065				-6.92	10.68
1066				-6.44	11.98
1067				-6.88	10.53
1068				-6.01	10.34
1069				-6.66	11.60
1070				-5.98	11.15
1071				-4.95	12.30
1072				-2.88	10.92
1073				-3.56	7.93
1074				-3.76	7.95
1075				-3.66	5.34
1076				-4.26	4.41
1077				-5.08	3.72
1078				-5.01	3.75
1079				-5.22	4.65
1080				-6.24	3.11
1081				-5.52	2.18
1082				-5.42	3.43
1083				-5.78	3.59
1084				-6.67	0.49
1085				-6.64	1.25
1086				-6.26	3.70
1087				-6.68	11.76
1088				-7.20	15.63
1089				-6.61	15.44
1090				-6.09	14.64
1091				-5.71	14.12
1092				-6.07	14.15
1093				-6.27	15.29
1094				-6.43	16.74
1095				-6.29	13.66
1096				-7.28	13.35
1097				-6.85	13.45
1098				-5.93	13.08
1099				-6.12	12.93
1100				-5.99	14.06
1101				-6.53	12.55
1102				-6.70	10.60
1103				-6.78	9.82
1104				-6.16	13.08
1105				-6.71	13.39
1106				-6.56	11.92
1107				-6.94	12.77
1108				-7.09	14.89
1109				-6.97	13.76
1110				-6.59	12.73
1111				-6.07	15.32
1112				-6.39	15.59
1113				-5.88	15.71
1114				-6.00	15.29
1115				-5.91	15.04
1116				-6.16	16.24
1117				-5.90	15.15
1118				-6.65	16.73
1119				-6.57	16.15
1120				-5.81	15.88
1121				-5.78	17.63
1122				-5.12	18.40
1123				-4.89	17.91
1124				-4.62	17.41
1125				-4.08	16.21
1126				-2.82	16.81
1127				-1.35	18.36
1128				-1.27	19.77
1129				0.48	18.57
1130				15.76	19.41
1131				14.44	18.92
1132				15.10	17.32
1133				15.86	17.65
1134				13.02	16.18
1135				10.92	15.89
1136				12.60	18.10
1137				11.74	17.06
1138				11.55	16.82
1139				11.70	16.99
1140				10.53	16.88
1141				12.02	18.51
1142				11.66	17.18
1143				12.92	16.12
1144				14.25	13.73
1145				13.56	15.56
1146				12.05	17.45
1147				18.15	18.55
1148				18.17	16.66
1149				17.57	17.31
1150				17.72	17.11
1151				17.52	24.75
1152				17.35	25.38
1153				19.21	25.36
1154				20.09	24.46
1155				17.97	23.63
1156				17.72	22.09
1157				17.16	24.97
1158				21.07	22.25
1159				19.65	22.91
1160				17.78	23.14
1161				16.92	24.07
1162				17.06	23.92
1163				17.04	24.27
1164				16.02	24.68
1165				15.76	23.92
1166					23.27
1167					24.85
1168					23.11
1169					23.67
1170					24.92
1171					23.93
1172					24.79
1173					25.32
1174					24.58
1175					30.22
1176					29.98
1177					29.75
1178					30.70
1179					32.33
1180					30.73
1181					30.84
1182					31.93
1183					31.17
1184					31.03
1185					29.17
1186					29.73
1187					29.77
1188					28.60
1189					27.82
1190					28.56
1191					28.17
1192					27.18
1193					28.91
1194					28.19
1195					27.87
1196					26.71
1197					27.02
1198					26.90
1199					27.38
1200					29.86
1201					27.58
1202					28.33
1203					30.23
1204					28.50
1205					28.11
1206					28.04
1207					29.57
1208					28.65
1209					27.28
1210					27.97
1211					30.27
1212					30.42
1213					28.06
1214					27.65
1215					32.96
1216					35.36
1217					33.77
1218					33.11
1219					33.87
1220					34.34
1221					35.72
1222					34.13
1223					34.16
1224					33.55
1225					33.74
1226					33.70
1227					33.28
1228					34.39
1229					34.59
1230					33.99
1231					33.96
1232					33.02
1233					32.34
1234					31.54
1235					31.24
1236					29.74
1237					29.69
1238					29.14
1239					30.56
1240					30.62
1241					31.49
1242					29.26
1243					25.38
1244					23.62
1245					23.50
1246					22.32
1247					23.19
1248					18.48
1249					19.87
1250					17.01
1251					16.73
1252					19.35
1253					21.49
1254					23.85
1255					23.80
1256					19.61
1257					20.78
1258					20.59
1259					25.14
1260					29.71
1261					30.13
1262					30.05
1263					30.47
1264					30.69
1265					30.76
1266					30.60
1267					31.06
1268					32.04
1269					31.17
1270					30.93
1271					31.70
1272					32.02
1273					25.81
1274					23.24
1275					20.42
1276					21.08
1277					22.18
1278					20.03
1279					20.83
1280					20.50
1281					18.69
1282					19.78
1283					20.89
1284					21.01
1285					20.23
1286					19.77
1287					21.44
1288					22.05
1289					22.13
1290					21.35
1291					22.56
1292					23.07
1293					21.44
1294					22.23
1295					20.68
1296					18.33
1297					18.46
1298					18.77
1299					19.13
1300					20.04
1301					19.73
1302					19.02
1303					18.06
1304					16.24
1305					15.12
1306					13.87
1307					13.48
1308					11.85
1309					15.61
1310					14.21
1311					12.56
1312					12.69
1313					12.99
1314					13.75
1315					13.83
1316					14.40
1317					13.73
1318					14.86
1319					15.42
1320					16.33
1321					14.66
1322					15.59
1323					14.61
1324					16.16
1325					17.14
1326					16.44
1327					16.72
1328					16.24
1329					17.27
1330					17.56
1331					17.77
1332					19.49
1333					18.01
1334					19.06
1335					19.87
1336					11.77
1337					9.69
1338					9.57
1339					8.81
1340					9.77
1341					7.73
1342					9.06
1343					8.21
1344					8.40
1345					7.50
1346					7.53
1347					7.39
1348					7.64
1349					10.48
1350					9.41
1351					10.11
1352					9.89
1353					9.49
1354					10.78
1355					11.46
1356					11.22
1357					10.78
1358					9.41
1359					8.51
1360					6.76
1361					5.87
1362					6.49
1363					7.14
1364					6.66
1365					5.84
1366					6.22
1367					5.02
1368					5.05
1369					6.33
1370					7.08
1371					8.86
1372					7.18
1373					8.18
1374					9.90
1375					9.68
1376					9.05
1377					8.83
1378					9.99
1379					8.99
1380					8.37
1381					9.79
1382					9.68
1383					10.42
1384					8.70
1385					12.78
1386					11.24
1387					11.58
1388					10.56
1389					9.97
1390					9.72
1391					10.08
1392					9.15
1393					8.12
1394					7.31
1395					7.13
1396					8.14
1397					8.26
1398					7.28
1399					5.13
1400					0.30
1401					0.57
1402					-0.07
1403					-0.53
1404					-0.15
1405					0.47
1406					-1.24
1407					-0.53
1408					1.78
1409					1.15
1410					1.42
1411					-0.12
1412					-1.59
1413					-2.22
1414					2.19
1415					2.78
1416					1.99
1417					1.63
1418					1.64
1419					0.85
1420					0.39
1421					-0.48
1422					-0.54
1423					0.00
1424					-3.09
1425					-4.60
1426					-4.91
1427					-7.41
1428					-8.47
1429					-8.08
1430					-6.15
1431					-4.27
1432					-2.99
1433					-4.58
1434					-3.87
1435					-3.45
1436					-4.19
1437					-3.57
1438					-3.24
1439					-3.11
1440					-2.83
1441					-0.60
1442					-1.45
1443					-1.55
1444					-0.76
1445					0.28
1446					0.52
1447					0.13
1448					-2.16
1449					-1.70
1450					-1.95
1451					-0.94
1452					-1.81
1453					-2.79
1454					-5.07
1455					-3.99
1456					-5.19
1457					-5.52
1458					-5.77
1459					-3.67
1460					-4.52
1461					-3.75
1462					-3.93
1463					-4.42
1464					-3.36
1465					-3.29
1466					-1.79
1467					-0.67
1468					-2.34
1469					-2.17
1470					-2.85
1471					-2.73
1472					-2.23
1473					-1.15
1474					-1.02
1475					0.62
1476					1.07
1477					-0.23
1478					-2.22
1479					-2.27
1480					-1.58
1481					-2.33
1482					-2.67
1483					-2.66
1484					-2.59
1485					-2.87
1486					-3.43
1487					-1.09
1488					-1.23
1489					0.75
1490					1.87
1491					2.88
1492					2.81
1493					2.35
1494					1.86
1495					2.76
1496					2.72
1497					1.30
1498					0.75
1499					1.14
1500					0.37
1501					0.80
1502					1.18
1503					0.66
1504					0.32
1505					-0.27
1506					0.44
1507					0.89
1508					0.33
1509					0.47
1510					0.25
1511					0.16
1512					-0.78
1513					-0.98
1514					-2.21
1515					-2.87
1516					-1.34
1517					-2.12
1518					0.48
1519					0.74
1520					0.60
1521					0.80
1522					1.20
1523					0.76
1524					0.94
1525					1.22
1526					0.51
1527					0.53
1528					0.40
1529					-0.30
1530					-0.59
1531					-0.71
1532					0.24
1533					-5.00
1534					-5.55
1535					-4.89
1536					-5.23
1537					-5.84
1538					-6.24
1539					-6.44
1540					-6.39
1541					-6.58
1542					-5.81
1543					-5.01
1544					-4.81
1545					-4.22
1546					-4.34
1547					-4.35
1548					-5.30
1549					-6.51
1550					-6.27
1551					-7.85
1552					-10.05
1553					-10.98
1554					-9.82
1555					-10.13
1556					-10.19
1557					-10.51
1558					-11.21
1559					-13.26
1560					-13.77
1561					-16.12
1562					-14.99
1563					-14.78
1564					-14.20
1565					-14.48
1566					-14.69
1567					-14.16
1568					-14.19
1569					-14.81
1570					-14.74
1571					-15.31
1572					-15.07
1573					-14.80
1574					-14.12
1575					-14.36
1576					-14.58
1577					-14.48
1578					-14.36
1579					-14.04
1580					-13.82
1581					-13.08
1582					-13.64
1583					-12.04
1584					-13.11
1585					-13.22
1586					-13.61
1587					-11.80
1588					-12.40
1589					-11.88
1590					-11.91
1591					-11.23
1592					-10.23
1593					-10.59
1594					-10.19
1595					-9.67
1596					-10.05
1597					-8.82
1598					-8.98
1599					-8.72
1600					-7.72
1601					-7.42
1602					-6.82
1603					-6.67
1604					-7.68
1605					-8.20
1606					-9.96
1607					-10.36
1608					-11.09
1609					-11.16
1610					-10.47
1611					-11.03
1612					-7.00
1613					-7.78
1614					-8.17
1615					-7.19
1616					-7.71
1617					-8.28
1618					-8.62
1619					-9.99
1620					-10.03
1621					-10.01
1622					-11.30
1623					-10.94
1624					-12.64
1625					-15.98
1626					-16.76
1627					-13.83
1628					-14.95
1629					-14.51
1630					-14.12
1631					-13.47
1632					-13.71
1633					-12.60
1634					-11.78
1635					-12.37
1636					-11.95
1637					-11.53
1638					-11.86
1639					-4.95
1640					-5.42
1641					-6.61
1642					-8.27
1643					-9.34
1644					-8.90
1645					-8.00
1646					-8.95
1647					-8.54
1648					-9.69
1649					-9.74
1650					-10.11
1651					-14.38
1652					-15.08
1653					-14.03
1654					-13.21
1655					-13.74
1656					-13.98
1657					-14.02
1658					-13.94
1659					-15.40
1660					-14.91
1661					-14.86
1662					-14.50
1663					-14.32
1664					-13.11
1665					-12.55
1666					-13.40
1667					-12.87
1668					-12.63
1669					-12.31
1670					-12.79
1671					-12.39
1672					-12.56
1673					-11.49
1674					-11.18
1675					-11.38
1676					-12.52
1677					-12.92
1678					-13.73
1679					-13.78
1680					-14.03
1681					-13.62
1682					-12.46
1683					-12.75
1684					-13.42
1685					-13.55
1686					-13.54
1687					-12.26
1688					-12.34
1689					-11.01
1690					-9.05
1691					-9.62
1692					-9.21
1693					-7.23
1694					-8.41
1695					-8.63
1696					-9.57
1697					-9.57
1698					-9.44
1699					-9.79
1700					-10.51
1701					-10.52
1702					-9.67
1703					-10.63
1704					-10.32
1705					-9.65
1706					-9.65
1707					-10.94
1708					-10.18
1709					-10.81
1710					-10.76
1711					-10.81
1712					-12.17
1713					-12.52
1714					-12.68
1715					-13.03
1716					-13.75
1717					-9.29
1718					-10.03
1719					-11.40
1720					-11.90
1721					-12.45
1722					-13.11
1723					-13.77
1724					-13.39
1725					-13.46
1726					-14.12
1727					-14.08
1728					-13.37
1729					-13.30
1730					-12.94
1731					-13.39
1732					-15.01
1733					-12.98
1734					-13.15
1735					-12.54
1736					-11.71
1737					-11.71
1738					-11.72
1739					-11.35
1740					-11.41
1741					-11.49
1742					-12.01
1743					-12.09
1744					-11.77
1745					-11.47
1746					-10.58
1747					-8.36
1748					-7.22
1749					-8.11
1750					-7.20
1751					-8.44
1752					-8.56
1753					-8.86
1754					-9.13
1755					-11.58
1756					-12.56
1757					-13.08
1758					-11.77
1759					-10.14
1760					-10.21
1761					-10.80
1762					-11.14
1763					-11.71
1764					-11.24
1765					-11.71
1766					-12.17
1767					-12.86
1768					-12.33
1769					-13.00
1770					-13.57
1771					-13.44
1772					-13.91
1773					-13.71
1774					-14.18
1775					-14.10
1776					-14.69
1777					-15.34
1778					-15.14
1779					-15.00
1780					-12.16
1781					-12.32
1782					-11.93
1783					-11.27
1784					-11.61
1785					-11.08
1786					-10.65
1787					-11.14
1788					-11.53
1789					-11.87
1790					-11.61
1791					-11.34
1792					-11.89
1793					-11.64
1794					-10.97
1795					-10.26
1796					-11.25
1797					-11.70
1798					-11.87
1799					-12.04
1800					-11.50
1801					-11.50
1802					-12.01
1803					-12.30
1804					-10.41
1805					-8.73
1806					-7.18
1807					-7.89
1808					-8.29
1809					-6.85
1810					-5.92
1811					-8.61
1812					-9.13
1813					-10.17
1814					-10.30
1815					-10.39
1816					-10.04
1817					-9.72
1818					-9.84
1819					-10.83
1820					-9.84
1821					-9.64
1822					-9.49
1823					-9.29
1824					-9.13
1825					-9.39
1826					-9.70
1827					-8.90
1828					-9.10
