date	meg_whitman	tim_cook	satya_nadella	marissa_mayer	larry_page	john_donahoe	mark_zuckerberg	dick_costolo	event
1	0	0	0	0	0	0	0	0
2	-3.19	1.32	-0.97	0.04	-1.85	-4.75	1.87	-8.7
3		1.47	-1.1			0.32
4			-1.72	-0.77		1.35
5	-2.81			0.09	-2.98	0.9	-11.5	-5.98
6	-0.24	-0.15			-1.64		-19.15	-8.17
7	0.24	-0.7	-1.61		-2.9		-16.87	-7.71
8	3.24	-2.13	-1.61	0.09	-3.42	5.05	-13.87	-3.36
9	0.11	-1.83	-1.08	1.56	-3.49	4.13	-16.73	-5.21
10		-1.07	-1.64	1.93		3.47
11			-1.69	1.99		1.27
12	2.36			0.83	-4.06	5.24		-10.5
13	3.1				-4.17		-25.62	-8.77
14	4.44	0.7			-3.96		-26.43	-10.07
15	7.63	-1.19	-2.87	0.59	-4.41	2.3	-22.48	-8.96
16	8.08	-0.36	-1.84	-0.12	-4.81	3.49	-25.29	-11.76
17		0.34	-1.89	-0.59		1.34
18			-1.2	-1.25		3.44
19	8.04			1.4	-4.8	-2.68	-27.83	-16
20	8.08	-0.1			-4.61		-31.05	-14.09
21	6.97	-0.35	-2.63		-4.63		-30.22	-13.13
22	5.35	-0.74	-2.89	1.6	-4.68	-0.69	-31.19
23	5.41	-1.12	-3.18	0.41	-4.09	-2.82	-29.8	-12.04
24		0.18	-2.78	1.18		-3.14
25			-1.37	1.75		-4.77
26	2.39			1.47	-3.8	-2.85	-28.85	-13.4
27	3.8	3.34			-3.97		-28.64	-11.97
28	3.32	4.7	-2.04		-4.68		-28.36	-7.05
29	2.54	6.52	-2.11	1.07	-4.73	-2.63	-26.15	-2.83
30	3.64	7.33	-3.01	0.4	-4.07	-2.73	-22.65	-4.95
31		6.81	-2.78	2.02		-2.85
32			-3.06	0.78		-4.87
33	3.82			0.25		-3.24	-19.67	3.76
34	2.26	5.1			-4.48		-19.35	10
35	4.63	2.84	-3.23		-3.13		-20.16	12.31
36	6.54	4.53	-2.1	-0.05	-4.06	-4.78	-17.54	18.88
37	9.94	3.29	-1.82	0.2	-5.35	-6.28	-15.39	26.69
38		3.55	-1.36	0.05		-4.77
39			-1.51	-1.18		-8.31
40	6.77			-6.56	-4.88	-6.87	-16.3	20.69
41	5.93	5.19			-5.31		-14.13	20.53
42	5.71	1.6	-1.4		-5.67		-17	17.17
43	7.15	0.85	1.23	-7.41	-6.03	-9.08	-18.51	21.7
44	8.14	-1.25	1.11	-9.03	-6.94	-5.94	-21.54	25.6
45		-2.16	3.56	-9.27		-5.12
46			4.15	-8.8		-7.07
47	11.41			-8.98	-7.02	-4.78	-22.8	33.64
48	9.94	-0.61			-7.6		-22.37	44.64
49	8.17	1.65	6.28		-7.21
50	9.79	1.3	5.66	-9.39	-7.3	-6.57	-21.7	51.13
51	10.89	2.26	5.74	-9.07	-8.37	-6.56	-20.01	31.76
52		3.77	5.16	-9.56		-5.71			{"person":"satya_nadella", "desc":"Cloud First, Mobile First Strategy","link":"http://www.computerworld.com/article/2489134/mobile-apps/microsoft-scraps--windows-first--practice--puts-office-on-ipad-before-surface.html"}
53			7.55	-9.33		-7.98
54	10.74			-9.45	-8.95	-5.75	-18.75	25.14
55	13.23	5.36			-7.87		-19.71	30.92
56	13.96	4.23	8.27		-8.14		-20.6
57	13.57	0.42	7.63	-9.97	-8.12		-20.41	39.97
58	17.19	-0.21	7.24	-10.87	-8.43	-8.27	-21.79	43.46
59		-2.29	7.33	-10.26		-7.92
60			7.13	-10.35		-10.85
61	14.66			-11	-7.6	-10.88	-27.82	38.44
62	13.84	-1.39			-7.19		-28.53	27.13
63	12.87	-1.11	8.2		-6.91		-26.75	22.28
64		-0.86	7.38		-7.46	-9.16	-27.6	17.92
65	12.01	-3.07	7.28	-9.78	-8.81	-10.89	-27.2	17.3
66		-2.95	7.68	-8.4		-11.78
67			8.73	-10.22		-11.6
68	13.06			-9.59	-9.09	-8.39	-26.34	20.76
69	15.18	-1.08			-8.96		-26.42	19.55
70	14.88	-0.23	8.02		-9.59		-23.89	25.49
71	15.73	-1.26	9.28	-9.3	-8.97	-10.28	-31.31	23.34	{"person":"mark_zuckerberg", "desc":"Revenue Growth Stalls, Shares Plummet","link":"http://www.reuters.com/article/2012/07/27/us-facebook-results-idUSBRE86P1LT20120727"}
72	13.49	-2	9.65	-9.02	-8.47	-10.48	-40.68	27.3
73		-2.25	8.35	-7.87		-8.71
74				-7.9		-13.05
75	14.04			-7.72	-9.09	-13.72	-41.81
76	14.55	-2.72			-12.03		-45.31	27.12
77	15.5	-2.3	7.48		-11.52		-47.06	26.42
78	14.74	-1.09	6.58	-8.09	-10.5	-13.51	-49	27.88
79	13.53	-3.74	6.66	-6.78	-10.28	-12.09	-47.38	28.48
80		-5.8	6.57	-7.15		-10.58
81			8.61	-7.37		-11.38
82	12.72			-7.78	-10.12	-8.57	-45.72	21.83
83	11.91	-6.37			-10.3		-49.13	26.71
84	11.89	-5.04	11.25		-9.96		-49.05	26.06
85	10.88	-4.37	9.49	-5.69	-9.57	-10.95	-48.46	32.25
86	8.91	-4.33	8.9	-6.3	-17.18	-11.69	-46.54	35.02	{"person":"larry_page", "desc":"Google+ Announced","link":"http://www.wired.com/2011/06/inside-google-plus-social/"}
87		-4.4	7.48	-5.99		-12.06
88			6.74	-4.72		-8.51
89	7.27			-4.46	-16.9	-10.14	-47.09	40.25
90	7.18	-4.05			-18.02		-49.98	41.32
91	6.29	-2.03	5.68		-19.06		-48.21	41.28
92	7.15	-2.14	6.16	-5.33	-19.66	-9.19	-51.96	5.94
93	6.44		7.48	-4.81		-10.58	-54.15	13.17	{"person":"mark_zuckerberg", "desc":"Share Price Falls to Half IPO Value","link":"http://www.bloomberg.com/news/articles/2012-08-16/facebook-freeing-60-percent-more-shares-seen-weighing-on-stock"}
94		-2.31	8.51	-3.67		-7.08
95			7.7	-3.75		-8.94
96				-4.41	-19.83		-51.84	9.6
97	5.23	-2.38			-19.27		-53.75	10.69
98	4.79	-2.69	6.98		-19.15		-53.17	16.25
99	5.57	-4.32	8.54	-4.04	-19.2	-9.9	-52.86	14.4	{"person":"marissa_mayer", "desc":"Beats Earning Expectations ","link":"http://techcrunch.com/2012/10/22/yahoo-posts-2012-q3-earnings/"}
100	6.5	-3.1	8.84	-3.65	-18.3	-11.52	-53.18	16.27	{"person":"meg_whitman", "desc":"Sex Scandal Involving Former CEO","link":"http://www.pcmag.com/article2/0,2817,2398231,00.asp"}
101		-2.69	7.93	-3.36		-3.32
102			7.99	-2.73		-6.64
103				-2.81	-18.87	-5.08	-53.86
104	8.24	-2.93			-18.94		-53.46	16.98
105	8.18	-3.21	6.85		-18.26		-54.1	12.51
106	6.9	-3.66	7.42	-4.66	-18.1	-4.54	-53.64	14
107	6.33	-1.3	8.32	-4.35	-18.32	-6.43	-56.4	12.68
108		-2.45	7.05	-3.42		-11.24
109			6.3	-2.99		-8.35
110	6.39			-1.81	-18.41	-20.05		11.62
111	6.37	-1.6			-18.47		-57.31	10.12
112	5.85	-1.12			-18.8		-55.18	11.83
113	6.53	-1.79	5.2	-2.61	-19.37	-20.66	-55.23	10.93
114	5.25	-2.18	5.03	3.86	-19.22	-21.24	-55.19	9.5
115		-2.19	5.32	3.41		-18.81
116		-2.19	7.02	3.64		-16.05
117				4.69	-19.61	-20.39	-55.13	7.88	{"person":"mark_zuckerberg", "desc":"Announces Native App Revamp","link":"http://venturebeat.com/2012/09/11/facebooks-zuckerberg-the-biggest-mistake-weve-made-as-a-company-is-betting-on-html5-over-native/"}
118	4.46	-0.63			-17.76		-53.66	7.15	{"person":"tim_cook", "desc":"Patent Victory Over Android","link":"http://mashable.com/2011/12/19/apple-patent-victory/#8EWD8GTwmukW"}
119	4.99	-0.25	6.77		-18.79		-50.24	7.2
120	4.87	0.89	5.54		-18.81	-15.4	-51.41	8.23
121	8.72	0.58	5.18		-19.35	-19.43	-48.84	6.05
122		1.04	6.38	5.38		-17.39
123			6.46	4.57		-17.34
124	10.95			6.9	-18.93	-17.86	-49.87	6.79
125	10.23				-18.57		-49.04	7.75
126	8.23	1.59	5.56		-18.8		-45.82	8.3
127	7.46	1.98	5.1	7.89	-19.67	-18.89	-47.33	8.02
128	6.61	1.67	4.61	8.01	-19.64	-19.6	-46.77	5.06
129		1.99	4.72	10.31		-18.79
130			6.08	10.93		-18.56
131	6.79			10.7		-20.46	-51.3	4.48
132	7.1				-19.5		-51.84	1.37
133	8.75	1.85	6.52		-18.11		-50.65	2.19
134	7.34	2.4	6.58	12.33	-17.85	-18.52	-52.03	-0.31	{"person":"larry_page", "desc":"Acquires Motorola","link":"http://arstechnica.com/gadgets/2011/08/google-to-buy-motorola-in-effort-to-defend-itself-from-patent-bullies/"}
135	7.75	2.71	5.88	15.32	-17.41	-17	-48.53	2.28
136		3.61	5.61	16.63		-19.11
137			5.83	17.49		-20.7
138	6.74			16.63	-16.81	-19.89	-47.7	-0.87
139	7.37	3.36			-17.11		-47.15	-2.86
140	8.82	2.73	6.6		-16.27		-48.44	-8.54	{"person":"mark_zuckerberg", "desc":"One Billion Active Users","link":"http://www.wsj.com/articles/SB10000872396390443635404578036164027386112"}
141	7.11	2.25	6.41	17.31	-16.96	-18.93	-48.4	-4.14
142	6.45	1.45	6.43	16.52	-16.85	-19.31	-50.63	-2.22
143		1.59	5.66	17.14		-19.85
144			6.55			-20.92
145	5.63			16.62	-17.5	-23.42	-51.47	-4.52
146	6.83				-18.12		-51.13	-5.44
147	7.56	2.12	4.92		-17.53		-52.35	-8.13
148	8.73	1.63	4.15	17.42	-17.71	-20.2	-52.04	-10.7
149	7.97	0.64	4.25	18.84	-20.02	-20.91	-52.52	-10.21	{"person":"marissa_mayer", "desc":"Revamps Yahoo Mail","link":"http://techcrunch.com/2012/12/11/yahoo-introduces-a-new-mail-experience-and-its-more-intuitive-and-built-for-speed/"}
150		-1.07	3.34	17.76		-21.94
151				16.72		-22.2
152				16.17	-20.49	-19.09	-52.83	-10.61
153	7.21	0.71			-20.84		-53.49	-12.73	{"person":"dick_costolo", "desc":"Facebook-like Profile Redesign","link":"http://mashable.com/2014/04/08/twitter-profile-redesign/#4nN74J.uDikg"}
154	6.27	-1.03	4.62		-21.28		-52.58	-12.75	{"person":"meg_whitman", "desc":"Profits halve after PC demand slumps","link":"http://www.telegraph.co.uk/finance/newsbysector/mediatechnologyandtelecoms/electronics/9099851/Hewlett-Packard-profits-halve-after-PC-demand-slumps.html"}
155	-1.47	3.97	5.52	15.12	-22.88		-54.27	-12.4
156	-3.19	3.97	4.58	17.69	-22.77	-19.97	-53.19	-13.98
157		4.18	5.15	18.35		-22.22
158			5.72	19.67		-19.08
159	-4.68			20.12	-22.53	-20.4	-52.58	-12.72
160	-5.59	5.69			-21.96		-51.72	-3.06
161	-8.12	6.42	5.25		-21.66		-42.31	-6.61	{"person":"satya_nadella", "desc":"Cuts Up To 18k Jobs, Mostly Nokia","link":"http://www.wsj.com/articles/microsoft-to-cut-18-000-jobs-1405599599"}
162	-9.01	5.07	6.6	21.2	-21.23	-21.02	-44.06	-5.59
163	-8.37	4.41	10.46	20.33	-20.17	-19.87	-45.63
164		3.78	13.18	19.81		-23.19
165			11.83	20.49		-21.95
166	-8.7			23.15		-23.19		-3.85
167	-10.55	4.88			-18.7			-5
168	-10.63	5.91	12.39		-18.49		-47.5	-4.35
169	-10.66	7.24	11.58	21.85	-17.9	-21.99	-48	-7.18
170	-12.85	10.51	11.24	19.67	-19.74	-24.85	-47.41	-12.29
171		11.47	10.11	19.95		-18.04
172			10.92	20.26		-24.83
173	-13.22			19.34	-18.83	-23.72	-47.55	-14.12
174	-12.95	12.47			-17.18		-47.96	-10.77	{"person":"dick_costolo", "desc":"Shares Drop on User Growth Worries","link":"http://www.cnet.com/news/twitter-shares-hammered-as-user-growth-keeps-slowing/"}
175	-13.79	13.99	9.71		-16.97		-48.4	-18.63
176	-14.02	11.97	9.54	21.53	-17.39	-19.81	-48.88	-18.64
177	-13.67	11.3	8.3		-7.57	-24.24	-51.03	-18.71
178		11.59	9.54	21.94		-24.85
179			9.21	22.3		-25.4
180	-14.84			22.73	-7.17	-22.76	-48.83	-19.55
181	-15.98				-8.02		-49.01	-32.95
182	-17.84	14.54	9.72		-8.73		-41.84	-35.25
183	-19.03	14.74	9.77	22.79	-7.6	-14.19	-42.14	-32.23
184	-17.04	14.56	8.84		-6.7	-28.08	-38.86	-32.38	{"person":"meg_whitman", "desc":"Cuts 27K Employees","link":"http://www.wired.com/2012/05/hp-cuts-27000-employees-looks-to-cloud-and-data-analytics-for-growth/"}
185		15.63	10.6	20.21		-18.44
186			9.62	18.86		-20.45
187	-17.6			19.3	-6.05	-25.84	-41.8	-29.64
188	-18.47	16.28			-5.42		-41.36	-30.55
189	-18.21	17.6	8.86		-5.24		-38.47	-31.18
190	-18.2	19.93	9.97	16.64	-4.71	-23.33		-30.82
191	-16.98	19.49	10.25	18.47	-5.5	-23.12	-40.1	-32.25
192		20.16	10.26	15.96		-28.5
193			11.26	13.34		-22.02
194	-17.56			14.99	-4.61	-27.03	-35.48	-33.22
195	-18.88	18.55			-3.96		-34.76	-33.38
196	-18.31	19.52	10.97		-3.68		-34.76	-33.98
197	-19.2	18.58	11.04	16.12	-2.53	-31.59	-32.84	-34.82	{"person":"tim_cook", "desc":"3rd Gen Apple TV","link":"http://www.macworld.com/article/1165734/apple_tv_third_generation_what_you_need_to_know.html"}
198		19.7	10.14	16.91	-1.35	-23.27	-31.13	-37.4
199		19.67	10.66	19.95		-17.84
200			10.33	19.6		-32.69
201	-18.21			18.99	-0.08	-34.03	-33.31
202	-16.21	21.37			-0.34		-32.15	-38.14
203	-16.41	22.6	9.93		-0.52		-31	-31.33
204	-11.53	27.2	9.19		-2.7	-34.6	-33.2	-31.24
205	-12.12	25.68	8.9	17.96	-3.01	-31.24	-31.68	-34.31
206		25.72	9.21	18.81		-30.59
207			10.01	21.66		-29.33
208	-12.38			20.49	-5.91	-25.56	-30.99	-35.63
209	-12.5	28.09			-7.84		-31.45	-33.9
210	-11.43	29.31			-8.41		-32.24	-33.52
211	-11.51	28.52	8.76	19.97	-8.49	-25.43	-30.12	-32.23
212	-12.02	28.34	9.05	16.39	-9.55	-33.57	-33.19	-33.74
213		27.45	10.03	19.3		-27.78
214			11.1	16.4		-32.69
215	-12			15.81	-8.36	-32.56	-34.21	-31.71
216	-11.12	27.51			-8.48		-32.83	-29.95
217	-11.73	29.18	12.23		-8.5		-33.33	-29.52
218	-12.19	30.48	13.92	15.08	-7.27	-33.29	-33.59	-26.46
219	-13.15	29.24	13.27	15.49	-8.33	-36.41	-35.64	-26.46
220		27.22	13.52	16.72		-29.37
221			13.39	19.61		-30.99
222	-12.46			19.59	-9.22	-36.09	-33.81	-24.41
223	-11.13	30.09			-9.44			-24.69
224	-11.12	32.58	13.49		-9.51		-34.35	-23.72	{"person":"satya_nadella", "desc":"Acquires Minecraft","link":"http://www.wsj.com/articles/microsoft-agrees-to-acquire-creator-of-minecraft-1410786190"}
225	-12.82	33.49	13.91	21.99	-9.76	-33.81	-35.4	-23.34
226	-11.58	34.95	13.09	24.02	-8.7	-34.6	-35.19	-22.82
227			12.71	23.26		-34.35
228			15.08	23.37		-41.9
229	-13.08			22.69		-31.54	-34.72	-22.28
230	-14.75	36.97			-8.93			-24.01
231	-14.38	37.82	15.28		-9.6		-33.38	-22.6
232	-13.69	36.18	14.53		-8.74	-37.1	-33.68	-18.7
233	-15.01	33.7	14.63	23.43	-8.24	-37.92	-31.34	-20.05
234		31.84	14.32	23.17		-33.09
235			14.07	23.93		-33.01
236	-14.8			25.04	-8.33	-39.15	-29.7	-20.16
237	-16.63	27.35			-9.77		-30.41	-18.98
238	-17.44	31.44	14.31		-10.76		-27.07	-19.5
239	-15.56	31.65	14.43	23.94	-10.21	-38.47	-25.76	-20.85	{"person":"satya_nadella", "desc":"Unveils Windows 10","link":"http://www.bbc.com/news/technology-29431412"}
240	-16.82	28.13	15.12	23.59	-10.05	-34.09	-24.86
241		25.26	14.56	24.67		-36.6
242			14.21	25.58
243	-17.19			28.96	-9.73	-33.8	-26.49	-22.36	{"person":"mark_zuckerberg", "desc":"Launches Graph Search","link":"http://www.forbes.com/sites/jonathansalembaskin/2013/01/15/facebooks-graph-search-makes-it-official-you-are-its-product/"}
244	-17.37	26.25			-8.95		-28.35	-26.82
245	-20.34	24.1	14.75		-8.34		-29.1	-26.01
246	-17.42	32.08	15.15	32.91	-8.52	-29.17	-28.84	-26.05
247	-15.24	30.67	16.11	32.62	-8.69	-36.38	-29.94	-25.42
248		28.88	16.14	31.83		-32.99
249			14.2	30.85		-28.89
250				31.51	-8.81	-33.04		-25.88
251	-14.47	25.76			-8.63		-27.61	-26.31
252	-13.68	25.18	14.89		-8.42		-27.64	-27.35
253	-13.6	25.62	14.73	29.45	-8.26	-33.02	-26.48	-27.41	{"person":"marissa_mayer", "desc":"Acquires Summly","link":"http://allthingsd.com/20130325/yahoo-acquires-hipster-mobile-news-reader-summly-like-we-said-it-might/"}
254	-16.7	26.2	13.72	28.72	-8	-30.5	-25.85	-28.19
255		25.42	12.4	28.26		-31.69
256			13.63	28.23		-31.03
257	-17.82			26.56	-8.47	-32.5	-23.78	-26.12
258	-15.95	26.3			-9.95		-27.71	-27.41
259	-15.38	26.51	13.27		-11.5		-26.39	-27.51
260	-16.07	27.22	12.63	26.66	-11.41	-28.65	-27	-25.64
261	-15.94	27.57	12.3	27.92	-10.36	-34.02	-30.76	-26.32
262		26.72	12.13	26.53		-27.56			{"person":"satya_nadella", "desc":"Beats Earning Expectations ","link":"http://techcrunch.com/2014/10/23/microsoft-up-3-after-reporting-better-than-expected-fq1-revenue-of-23-20b-eps-of-0-54/"}
263			14.11	32.17		-27.03
264	-17.93			33.55	-9.68	-29.56	-33.53	-26.69
265	-17.79	26.17			-9.27		-33.14	-25.38	{"person":"dick_costolo", "desc":"Beats Forecast, Shares Jump 30%","link":"http://www.cnbc.com/2014/07/29/twitter-posts-earnings-of-2-cents-per-share.html"}
266	-17.92	25.39	13.51		-9.14		-32.11	-10.87
267	-18.02	24.64	12.97	34.64	-7.96	-28.88	-32.98	-11.16
268	-18.87	23.59	13.66	35.13	-4.31	-30.11	-33.83	-12.9
269		25.21	11.85	34.97		-32.64
270			12.45	34.17
271	-21.7				-3.9	-32.73	-34.45	-14.81
272	-23.5	29.31			-4.12		-36.4	-13.5
273	-22.23	28.7	13.42		-3.78		-35.36	-14.27
274	-23.53	31.32	14.11	35.17	-3.09	-32.09	-34.03	-14.78
275	-24.15	30.61	14.88	36.12	-3.4	-34.83	-34.31	-15.23
276		30	16.44	35.34		-33.24
277			16.55	35.88
278	-25.8			35.5	-4.67	-35.5		-15.54
279	-26.94				-4.64		-33.34	-14.25
280	-26.92	30.75	16.57		-4.56		-33.41	-14.46
281	-26.82	33.9	16.3	35.76	-5.68	-32.09	-35.5	-12.55
282	-26.2	34.04	15.72	37.12	-5.4	-32.59	-36.47	-13.88
283		33.94	17.56	36.74		-28.41
284			17.28	38.21		-31.95
285	-26.43			39.61	-4.74	-29.6	-35.2	-14.02
286	-26.32	34.11			-4.23		-35.2	-14.44
287		32.89	17.44		-4.42		-37.08	-14.48
288	-26.61	31.78	14.95	38.9	-4.45	-30.45	-36.15	-14.49
289	-28.24	32.47	14.38	35.77	-4.24	-31.68	-35.11	-12.97
290		33.17	14.87	37.79		-28.46
291			12.91	36.87		-35.55
292	-28.62			36.39	-2.62	-33.72	-35.5	-13.1
293	-29.08	33.36			-3.13		-36.8	-9.46
294	-26.57	32.94	11		-1.1		-36.92	-9.65	{"person":"mark_zuckerberg", "desc":"Radical Newsfeed Redesign","link":"http://mashable.com/2013/03/07/new-facebook-news-feed/#Hf_KHe3aMskA"}
295	-27.29	33.17	10.65	38	-2.19		-34.53	-6.83
296	-29.71	32.19	10.62	38.94	-2.01	-30.6	-36.19	-6.69
297		31.1		41.03		-37.2
298			10.66	42.71		-31.66
299	-30.07			40.22	-0.46	-40.42	-35.95
300	-30.16	32.71			-0.97		-36.44	-4.68
301	-29.36	31.53	14.07		-0.05		-38.21	-7.32
302	-30.64	31.12	13.01	37.64	0.18	-39.24	-38.56	-5.4
303	-31.52	32.53	11.69	38.42	-0.23	-40.51	-39.29	-4.96
304		32.02	13.57	37.23		-41.49
305			12.33	39.26		-36.38
306	-31.8			38.25	-0.66	-37.43	-39.42	-2.72	{"person":"dick_costolo", "desc":"Starts Testing E-commerce Buy Button","link":"http://recode.net/2014/09/08/twitter-introduces-buy-buttons-so-you-can-shop-from-tweets/"}
307	-32.36	32.02			-0.75		-39.12	-4.49
308	-32.91	31.48	11.59		-0.01		-41.16	-0.9
309	-32.96	31.07	10.73	38.21		-39.34	-40.86	-1.51	{"person":"marissa_mayer", "desc":"Acquires Tumblr","link":"http://mashable.com/2013/05/20/yahoo-officially-acquires-tumblr-promises-not-to-screw-it-up/#._fJ.74YDSk1"}
310	-32.42	31	11.05	43	-0.51	-39.17	-41.29	-1.99
311		30.53	11.12	44.16		-36.08
312			11.9	43.4		-38.54
313	-33.24			45.46	0.41	-37.41	-42.49	-6.12
314	-33.17	31.71			-0.01		-42.63	-4.09
315	-34.87	32.12	12.4		-1.31		-40.68	-4.53
316	-35.04		10.13	42.98	0.84	-35.41	-42.03	-4.84
317	-33.73	34.43	9.23	43.34	1.89	-31.49		-0.58
318		35.3	10.99	46.73		-34.22
319			10.92	42.91		-34.69
320	-32.67			41.22	1.65	-34.23	-41.64	-1.45
321	-32.29	37.36			1.58		-42.17	-0.59
322	-30.58	37.47	11.29		1.53		-39.61	-0.12	{"person":"meg_whitman", "desc":"$8 Billion Writedown on EDS Deal","link":"http://blogs.wsj.com/deals/2012/08/08/hewlett-packard-to-take-8-billion-writedown-on-eds-deal/"}
323	-30.75	37.3	12.76	41.64	2.37		-37.85	-1.05
324	-29.76	37.08	11.85	43.64	2.27	-32.36	-36.7	-1.2
325		36.44		42.78		-36.71
326			10.47	40.14		-34.71
327	-30.09			41.82	3.3	-36.37	-38.3	-1.35
328	-30.89	37.43			4.66		-39.19	-1.38
329	-31.45	36.82	9.48		5.02		-38.09	-2.75
330	-31.35	35.15	9.16		5.2	-33.81	-37.13	0.55
331	-31.66	35.87	8.78	39.22	5.69	-39.69	-38.43	3.54
332		35.51		38.68		-37.52
333			9.72	40.51		-36.42
334	-29.66			41.79	6.34	-37.33	-38.95	3.15
335	-30.02	37.05			4.46		-38.94	4.87
336	-32.72	37.69	10.42		4.74		-38.49	6.55
337	-37.78	32.15	10.24	41.89	4.52	-38.03	-39.92	8.49
338	-38.32	30.35	10.25	42.01	4.32	-40.06	-40.58	1.25
339		29.76	11.44	41.04		-41.95
340			11.26	42.62		-37.27
341	-39.68			45.22		-39.03	-40.53	-1.14
342	-40.85	32.5			5.23		-41.16	-1.27
343	-40.79	36.3	10.8		6.57		-40.87	1.88
344	-40.72	36.32	10.3	43.42	6.04	-38	-41.17	-1.75
345	-40.72	37.03	9.87	43.11	6.97	-42.98	-39.37	-1.61
346		36.09	10.35	41.86		-38.97
347			10.66	42.6		-38.5
348				43.02		-36.04	-39.59	0.92
349	-40.49	36.59			8.39		-38.23	-1.58
350	-39.4	35.05			8.87		-38.44	-3.8
351	-39.58	35.03	10.53	43.24	6.5	-35.92	-35.79	-4.17
352	-40.18	34.9	9.12	42.65	4.88	-40.37	-37.96	-4.29	{"person":"satya_nadella", "desc":"Announces HoloLens","link":"http://www.theverge.com/2015/1/21/7867593/microsoft-announces-windows-holographic"}
353		35	10.04	41.99		-38.6
354			9.98	40.37		-37.88
355	-39.52			39.8	0.34	-36.66	-39.83	-7
356	-37.73	36.73			-0.51		-41.38	-17.6
357	-37.78	37.35	9.26		-0.37		-41.17	-20.53
358	-37.75	36.53	1.06	34.99	-0.3	-41.39	-41.27	-21.36
359	-38.54	36.32	-1.5	38.91	-0.52	-35.05	-42.52	-23.06
360		38.19	-0.52	39.51		-37.75
361			-3.33	39.5		-39.65
362	-38.3			37.58		-36.06	-42.25	-25.53
363	-38.15	41.84			-0.59		-42.11	-24.01
364	-38.75	40.31	-2.1		-1.41		-43.27	-24.94
365	-39.77	42.75	-2.41	36.92	-1.04	-35.47	-44.17	-24.36
366	-40.42	42.36	-1.62	35.61	-9.27	-38.43	-44.45	-25.25
367		41.73	-1.2	38.45		-38.95			{"person":"marissa_mayer", "desc":"5-Year High After Alibaba Surge","link":"http://www.bloomberg.com/news/articles/2013-07-16/yahoo-misses-analysts-estimates-as-ceo-fails-to-woo-advertisers"}
368			-0.86			-38.21
369	-41.36			37.51	-9.26	-36.76	-45.45	-26.88
370	-42.27	44.23			-10.05		-45.75	-27.02	{"person":"tim_cook", "desc":"Wins $1bn in Samsung Case","link":"http://www.wsj.com/articles/SB10000872396390444358404577609810658082898"}
371	-40.43	43.85	-0.59		-12.82		-46.21	-21.83
372	-40.87	43.38	-1.31	36.44	-12.63	-32.83	-46.36	-26.5
373	-41.04	42.85	-2.1	41.85	-11.15	-32.29	-47.96	-23.32
374		42.28	-1.62	40.55		-35.57
375			-0.58	40.79		-36.34
376	-40.47			40.92	-11.36			-25.57
377	-40.87				-11.05		-48.85	-25.81
378	-48.78	43.98			-12.01		-50.2	-27.04
379	-48.91	43.25	-1.34	41.2	-11.72	-31.49	-47.93	-27.26
380	-49.41	41.47	-1.6	39.17	-11.45	-32.13	-47.83	-27.03
381		42.32	-2.03	53.08		-33.34
382			-1.85	53.02		-35.35
383	-49.96			51.18	-9.44	-35.04	-49.04	-27.39
384	-49.5	40.06			-9.85		-49.45	-28.21
385	-49.96	39.58	-1.3		-9.76		-50.15	-26.19
386	-49.67	41.08	-1.57	44.17	-9.87	-32.52	-50.33
387	-49.02	41.97	-1.78	42.42	-9.97	-35.5	-50.29	-25.16
388		42.42	-2.03	44.9		-34.53
389			-2.02	46.1		-32.54
390	-49.14			44.95	-9.89	-26.02	-48.14	-29.05
391	-49.4	44.42			-10.27		-48.23	-29.71
392	-48.93	44.89	-2.82		-10.39		-48.24	-29.72
393	-48.13	44.71	-3.61	44.58	-11.59	-24.65	-49	-30.13
394	-48.11	44.31	-3.85	44.51	-11.62	-25.79	-48.89	-30.83
395		44.42	-4.04	44.32		-28.63
396			-4.65	41.72		-27.67
397	-47.49			39.63		-27.75	-48.48	-34.24
398	-48.64	43.36			-10.15		-48.52	-33.22
399	-49.28	41.72	-3.84		-10.57		-47.72	-33.33
400	-48.82	41.05	-4.08	39.6	-11.56	-29.4	-47.4	-33.03
401	-49.21	42.49	-4	38.86	-11.21	-28.03	-45.9	-31.51
402		40.43	-7.03	39.66		-26.3
403			-5.8	39.54		-24.64
404				40.9	-11.37	-27.4	-46.62	-31.26
405		38.93			-10.67		-46.37	-33.64
406	-49.9	39.04	-6.49		-10.09		-47.01	-34.2
407	-50.07	40.49	-6.33	43.93	-10.16	-24.29	-46.33	-33.55
408	-50.3	38.89	-5.4	43.31	-9.94	-24.27	-45.87	-33.15
409		36.5	-6.07	42.43		-22.64
410			-5.38	40.22		-27.81
411	-49.7			41.28	-10.18	-24.41	-46.51	-30.95
412	-48.51	34.51			-10.31		-47.36	-32.27
413	-49.8	36.09	-5.14		-10.82		-47.28	-32.31
414	-48.59	37.77	-4.74	39.69	-11.81	-26.38
415	-49.54	35.07	-5.71	39.83	-13.33	-23.04	-48.14	-32.8
416		35.7	-6.02	40.05		-22
417			-7.1	42.86		-21.21
418	-50.27			42.57	-12.49	-23.56	-47.5	-34.91
419	-50.93	35.89			-12.32		-46.16	-35.52
420	-50.29	37.45	-8.18		-12.6		-45.74	-34.93
421	-50.34	36.23	-7.99	41.1	-12.31		-46.59
422	-51.49	35.06	-7.46	40.58	-11.73	-25.2	-46.71	-33.55
423		33.1	-8.56	40.57		-23.58
424				40.5		-27.16
425	-50.88			40.75	-11.14	-26.3	-46.06	-32.82
426	-56.76	37.87			-11.09		-45.84	-27.5	{"person":"meg_whitman", "desc":"Takes $8.8 Billion Charge On Autonomy","link":"http://www.wsj.com/articles/SB10001424127887324352004578130712448913412"}
427	-56.06	34.54	-6.31		-10.21		-45.34	-31.13
428		35.71	-6.2		-9	-27.33	-46.32	-29.09
429	-54.84	33.91	-7.21	43.27	-9.63	-25.11	-46.59	-26.64
430		32.61	-7.52	43.32		-25.82
431			-7.38	43.75		-26.74
432	-53.9			43.4	-10.28	-26.6	-46.45	-27.49
433	-55.14				-10.54		-45.94	-26.93
434	-54.17		-7.15		-8.88		-45.16	-26.21
435	-53.91	31.18	-7.19	46.99	-9.62	-26.97	-29.43	-30.59
436	-53.52	29.57	-6.47	47.29	-10.51	-28.48	-30.3	-30.84
437		26.88	-6.63	46		-27.92
438			-6.4	48.66		-28.61
439	-53.83			46.46	-10.53	-27.46	-27.11
440	-51.37	27.85			-10.95		-22.96	-30.66	{"person":"mark_zuckerberg", "desc":"Shares Soar 40% on Mobile Revenue","link":"http://www.theguardian.com/business/2013/jul/31/facebook-shares-soar-advertising-revenue-mobile"}
441	-49.95	26.94	-4.74		-10.68		-24.86	-30.37
442	-50.17	24.61	-5.68	48.44	-11.43	-26.09	-24.48	-29.34
443	-49.58	21.82	-5.33	49.22		-26.94	-23.64	-28.82
444		23.54	-4.93	49.89		-28.13
445			4.26	52.57		-28.7
446	-48.94			52.62	-10.67	-29.35	-21.42	-27.81
447	-49.18	22.61			-9.58		-22.13	-28.58
448	-48.07	23.5	5.27		-9.03		-21.23	-31.19
449	-47.81	23.72	7.85	49.73	-8.07	-26.21	-22.22	-32.72
450	-46.53	21.54	8.31	54.61	-10.51	-29.71	-22.11	-30.44
451		21.32	9.17	55.25	-10.51	-30.91			{"person":"larry_page", "desc":"Nexus Q, Android Jelly Bean","link":"http://www.cnet.com/products/google-nexus-q/"}
452			7.82	61.11		-30.91
453	-49.16			65.3	-12.5	-29.68	-22.89	-31.19
454	-48.77	27.27			-13.56		-25.6	-27.7
455	-49.13	26.15	6.64		-13.54		-26.04	-25.83
456	-49.05	25.9	6.88	63.86	-14.02	-29.04	-24.93	-25.61
457	-48.88		4.33	67.43	-14.29	-28.65	-23.79	-13.07
458		26.36	4.73	66.73		-30.01
459			5.84	67.24		-29.56
460	-49.91			70.72	-13.2		-22	-13.98
461		29.92			-12.4		-21.3	-16.99
462	-49.14	29.26	5.21		-13.17		-21.18	-15.01
463	-49.36	27.82	5.53	68.7	-12.95	-31.06	-21.55	-15.2
464	-50.23	28.35	6.02	66.05	-13.55	-28.95	-17.91	-14.86
465		27.54	6.98	67.23		-31.32
466			6.11	67.8		-31.06
467	-49.17			67.8	-14.33	-30.9	-16.31
468		28.08			-14.51		-17.98	-15.78
469	-48.02	26.05	4.85		-14.37		-16.44	-16.27
470	-47.41	18.85	4.08	66.04	-12.83	-31.45	-15.57	-15.04
471	-47.43	20.09	4.05	63.92	-12.88	-29.77	-14.84	-14.87
472		17.46	3.31	60.57		-30.81
473			2.21	57.9		-28.67
474	-47.27			59.12	-11.37	-25.73		-16.06
475	-46.39	16.36			-10.26		-14.18	-15.8
476	-45.03	17.51			-10.44		-15.22	-16.03
477	-43.83	17.32	2.67	61.88	-9.75	-26.73	-13.67	-14.9
478	-44.31	16.13	3.4	60.92	-10.99	-25.89	-11.09	-16.78	{"person":"meg_whitman", "desc":"Meg Whitman Made $15.4m in 2013","link":"http://www.businessinsider.com/hp-meg-whitman-made-15-million-2013-1?IR=T"}
479		12.55	3.23	57.84		-25.89
480			2.51	56.87		-25.68
481	-41.44			52.37	-10.22	-17.45	-12.01	-17.4
482	-42.77	13.05			-8.88		-13.43	-17.69
483	-40.54	14.66	3.05		-5.58		-10.47	-17.73
484	-41.24	13.41	2.51	52.97	-4.46	-18.6	-10.83	-18.36
485	-41.21	12.19	1.9	56.36	-6.78	-16.89	-11.86	-18.49
486		12.77	1.63	54.38		-16.3
487			0.96	56.57		-18.67
488				57.62	-6.94	-17.44	-15.34	-17.28
489	-40.89	13.27			-8.7		-10.91	-18.97
490	-41.91		1		-7.74		-11.49	-18.04
491	-41.47	12.55	0.98	57.09	-8.27	-20.21	-10.16	-17.36
492	-41.9	13.16	1.83	55.91	-10.05	-17.36	-6.84	-17.72	{"person":"marissa_mayer", "desc":"400mm Mobile Users","link":"http://www.businessinsider.com/yahoo-has-400m-mobile-users-and-400-devs-2013-11?IR=T"}
493		12.92	1.34	55.8		-17.36
494			0.94	55.1		-17.4
495	-41.88			57.45		-15.28	-7.2	-19.08
496	-43.72	15.61			-10.68		-4.8	-18.34
497	-43.79		0.28		-10.55		-2.63	-18.62
498	-43.41	15.72	0.54	60.75	-11.36	-14.64	-1.49	-17.52
499	-44.24	14.69	0.66	61.94	-10.33	-13.89	0.33	-17.21
500		11.46	0.95	64.91		-16.54
501			-0.08	67.38		-16.15
502	-44.34			65.8	-9.55	-15.83	-1.38	-16.92
503	-43.59	10.84			-11.41		-2.22	-11.47
504	-43.27	11.45	-0.52		-11.94		-2.41	-12.8
505	-44.06	9.22	-1.32	65.03	-11.88	-15.48	-3.52	-11.82
506	-43.11	10.01	-1.18	64.11	-12.38	-19.64	-0.75	-12.16
507		9.2	-0.96	69.24		-19.73
508			-1.2	70.39		-19.89
509	-43.21			70.32	-12.7	-20.14	-0.79	-13.37
510	-42.2	5.58			-14.24		-5.53	-12.21
511	-42.69	2.47	-0.76		-14.11		-5.84	-11.15
512	-42.66	6.49	-1.81	69.26	-14.96	-17.48	-3.43	-11.36
513	-43.35	5.15	-1.68	69.91	-15.22	-17.18	-4.1
514		4.63	-1.69	70.25		-16.89	-4.1		{"person":"mark_zuckerberg", "desc":"Acquires Analytics Company, Onavo","link":"http://techcrunch.com/2013/10/13/facebook-buys-mobile-analytics-company-onavo-and-finally-gets-its-office-in-israel/"}
515						-17.17
516				69.71	-14.93	-16.69	-3.91	-11.18
517	-43.39				-14.36		-3.4	-7.5
518	-43.16	5.35	-1.38		-14.97		-1.38	-9.25
519	-41.19	6.92	-1.69	70.46	-14.7	-15.69	0.07	-9.9
520	-34.6	-5.59	-0.06	68.72	-14.75	-15.19	2.57	-10.69
521		-8.39	0.31	75.93		-16.88			{"person":"john_donahoe", "desc":"Sells Skype for $2bn","link":"http://www.wsj.com/articles/SB125179267665375495"}
522			-1	79.56		-18.81
523	-34.09			78.22	-14.7	-19.94	1.72	-11.1
524	-31.89	-6.45			-14.64		-0.74	-11.63
525	-32.66	-4.67	-0.41		-14.57		-1.64	-12.05
526	-31.36	-4.63	-0.89	77.99	-14.55		-1.17	-10.74
527	-31.53	-4.91	-0.47	84.55	-14.73	-18.91	-2.45	-11.75
528		-6.4	0.23	82.23		-20.1
529			-0.76	83.36		-17.93
530	-32.41			85.01	-15.14	-14.79	-5.61	-11.59
531	-31.95	-7.33			-14.78		-7.45	-12.07
532	-30.04	-5.3	-0.29				-7.68	-11.74
533	-30.52	-5.31	0.68	83.7	-13.61	-15.06	-5.17	-12.65
534	-30.29	-2.96	-2.34	82.95	-13.93	-14.56	-6.08	-14.26
535		-2.45	-0.63	83.29		-14.65
536			0.13	84.56		-13.76
537	-30.37			82.11	-13.76	-13.62	-9.3	-12.3
538	-28.91	-1.37			-13.52		-5.84	-28.17
539	-29.24	-3.68	-0.2		-14.66		-7.5	-34.18
540	-27.52	-4.17	-1.19	83.09	-14.12	-14.14	-8.7	-32.27	{"person":"satya_nadella", "desc":"New Web Browser, Edge","link":"http://recode.net/2015/07/28/microsoft-plays-catchup-with-its-new-web-browser-edge/"}
541	-26.47	-4.3	0.43	83.16	-14.47	-15.14	-10.2	-35.05
542		-5.43	1.38			-13.49
543			1	81.75		-14.8
544	-24.05			81.49	-14.37	-15.09	-12.73	-35.13	{"person":"larry_page", "desc":"Capitalises on Apple Maps Problems","link":"http://www.wsj.com/articles/SB10000872396390444712904578024170366547916"}
545	-22.92				-14.49		-11.98	-34.92
546	-24.14	-6.11	1.49		-14.85		-9.05	-34.93
547	-25.4	-6.95	3.27	80.3	-13.72	-17	-8.69	-34.49
548	-23.53	-6.56	2.67	80.4	-9.91	-15.07	-8.96	-35.46
549		-6.47	2.26			-15.18
550			2.78	78.04		-13.49
551	-23.1			80.91	-8.11	-14.42	-14.07	-35.81
552	-21.72	-6.78			-8.44		-12.69	-35.29
553	-22.01	-5.89	2.89		-8.09		-12.33	-34.95
554	-21.42	-7.78	2.19	80.85	-8.53	-17.22	-12.88	-36.51
555		-8.37	2.76	83.57	-7.39	-17.86	-14.24	-36.87
556		-10.91	2.96	83.47		-14.41
557			3.26	83.44		-13.54
558	-22.49			84.01	-7.39	-12.54	-16.92	-36.94
559	-26.87	-13.4			-7.09		-15.43	-36.46
560	-26.68	-12.28	3.07		-6.52		-14.89	-37.7
561	-25.52	-13.35	3.62	81.14	-6.77	-13.91		-38.1
562	-26.14	-12.61	3	83.24	-6.76	-12.67	-14.26	-38.22
563		-12.72	3.83	81.55		-12.58
564			1.5	78.16		-11.72
565	-26.7			77.59	-7.24	-12.9	-13.86
566	-26.09	-11.7			-8.36		-14.29	-37.68
567	-27.09	-13.33	2.13		-7.98		-10.85	-38.75
568	-31.86	-13.42	-0.4		-8.19	-15.13	-11.25	-37.94
569	-31.68	-12.94	0.84	74.24	-8.3	-12.33	-12.62	-37.86
570		-10.43	1.17	76.44		-12.13
571			0.91	73.95		-12.82
572	-30.75			71.1	-5.78	-16.09	-11.12	-38.09
573	-30.62	-7.67			-4.38		-8.39	-38.4
574	-31.14	-7.67	1.05		-4.97		-8.68	-37.66
575	-31.25	-8.87	0.05	67.22	-5.2	-17.04	-4.02	-37.66
576	-34.29	-7.84	1.24	73.77	-5.04	-16.85	-1.32	-37.29
577		-6.62	1.92	60.45		-15.23
578			0.89	59.56		-18.2
579	-34.18			63.48	-5.25	-15.15	-1.12	-37.62
580	-35.27	-6			-5.82		0.95	-38.52
581	-34.65	-6.99			-4.94		1.1	-39.33
582	-35.87	-8.94		62.68	-4.36	-18.04	0.44	-39.42	{"person":"dick_costolo", "desc":"Dick Costolo Leaves CEO Role","link":"http://www.theverge.com/2015/6/11/8767881/twitter-ceo-dick-costolo-is-leaving-the-company"}
583	-34.41	-11.13		64.8	-4.62	-17.74	-0.57	-38.94
584				64.83		-17.41
585				66.42		-19.22
586	-33.23			68.12	-6.05	-17.03	3.1	-40.79
587	-33.35	-13.14			-5.04		3.28	-40.83
588	-33.56	-13.38			-3.66			-41.16
589	-34.07	-11.96		69.6	-3.53	-18.28	2.58	-41.99
590	-34.24	-13		71.15	-3.62	-18.42	-1.24	-39.79
591		-13.35		69.01		-18.45
592				69.24		-16.62
593	-34.48			67.83		-16.82	-4.27	-40.74
594	-35	-13.23			-4.44		-3.11	-41.11
595	-33.51	-13.49			-4.31			-41.02
596	-33.09	-13.32			-3.77	-18.54	-2.22	-40.9
597	-32.49	-13.66		67.01	-2.86	-18.62	-2.23	-40.38
598		-14.43		66.23		-18.67
599				64.99		-18.91
600	-33.13			62.96	-2.59	-18.5	2.96	-40.73
601	-33.06	-14.37			-3.8		3.26	-37.6
602	-34.94	-14.35			-4.29		3.5	-39.34
603	-33.61	-17.55		62.4	-3.47	-21.01	1.94	-38.74
604	-34.53	-18.77		61.91	-3.83	-18.47	2.77
605		-20.09		63.31		-18.24
606				65.96
607	-34.76			67.24	-3.63	-16.73	0.64	-39.03
608	-35.08	-19.13			-2.48		2.21	-38.94
609	-33.98	-18.51			-1.38		1.19	-39.18
610	-22.6	-18.66		66.61	-1.08	-18.34	0.38	-40.03
611	-24.62	-18.57		69.66	-0.41	-15.18	-0.69	-39.99
612		-16.54		68.87		-17.16
613				69.78		-17.54
614				66.28	2.29	-18.89		-39.39
615	-23.9	-14.67			3.67		2.52	-38.2
616	-21.6	-12.75			5.08		0.36	-39.92
617	-22.07	-12.65		63.56	4.06	-18.47	-0.61	-39.93
618	-23.89	-12.51		62.47	4.47	-19.76	-2.34	-41.18
619		-12.64		61.61		-22.02
620				62.81		-21.79
621	-22.61			65.01	5.56	-22.42	-2.9	-41.05
622	-23.03	-10.92			4.68		-0.37	-39.58
623	-23.4	-11.42			4.93		-2.17	-40.05
624	-23.72	-10.86		70.25	5.22	-22.61	9.69	-39.59
625	-22.98	-12.11		69.62	5.61	-22.36	12.89	-40.2
626		-13.54		67		-23.32
627				62.92		-20.81
628	-24.07			65.28	5.06	-22.29	13.89	-40.85
629	-24.04	-13.26			4.75		15.25	-38.32
630	-21.1	-15.91			5.27		14.79	-47.5
631	-22.07	-18.97		61.7	6.33	-23.59	13.45	-47.29
632	-22.17	-17.74		58.1	5.56	-23.43	15.43	-48.05
633		-18.78		58.25		-23.84
634				59.73		-20.91
635	-21.5			60.95	4.34		13.44	-50.84
636	-21.31	-16.89			3.61		14.57	-50.63
637	-20.45	-17.64			5.01		13.59	-52.4
638	-20.87	-16.4		59.29	-2.41	-21.36	17.56	-53.21
639	-22.52	-16.16		59.29	-2.13	-21.33	17.05	-53.94
640		-15.59		59.63		-22.06
641				57.22		-20.9
642	-24.01			54.64	-2.94			-50.32
643	-23.27				-1.84		16.63	-49.48	{"person":"mark_zuckerberg", "desc":"Acquires WhatsApp for $19bn","link":"http://www.forbes.com/sites/roberthof/2014/02/19/in-one-chart-heres-why-facebook-is-blowing-19-billion-on-whatsapp/"}
644	-23.41	-17			-1.99		18.91	-49.95
645	-21.58	-15.83		51.02	-2.07	-23.13	20.81	-51.29
646	-21.51	-15.15		53.25	-2.51	-21.93	19.12	-50.55
647		-14.63		55.28		-22.49
648				53.5		-22.95
649	-21.82			53.11		-24.39	22.08	-50.97
650	-21.51	-14.68					20.63	-51.95
651	-21.25	-14.45			-1.41		19.48	-52.74
652		-14.16		54.88	-1.77	-23.32	18.19	-54.21
653	-20.82	-16		58	-0.47	-22.51	17.66	-52.77
654		-16.45		65.74		-24.22
655				65.5		-23.17
656	-22.21				-1.77	-24.58	16.69	-52.23
657	-21.72	-17.12			-2.34		17.06	-53.52
658	-20.68	-16.48			-2.01		21.6	-54.22
659	-20.6	-16.63		64.55	-2.8		20.52	-52.77
660	-21.65	-16.99		61.8	-1.52	-26.97	19.19	-52.26
661		-17.59		60		-23.44
662				58.27		-26			{"person":"marissa_mayer", "desc":"Alibaba IPO","link":"http://www.wsj.com/articles/SB10001424052702304655304579550230506088684"}
663	-21.24			57.63	-1.07	-17.48	23.05	-50.02
664	-20.83	-17.92			-1.4		20.51	-49.91
665	-21.5	-18.66			-1.1		21.39	-49.68
666	-21.47	-19.41		55.43	-1.56	-19.56	19.62	-48.64
667	-24.53	-18.73		62.68	-2.13	-18.93	18.11	-48.37
668		-19.21		62.79		-18.28
669				64.81		-17.04
670	-23.69			66.58	-1.13	-18.06	18.92
671	-22.58	-20.48			-0.89		18.23
672	-21.44	-21.11			-1.83		17.3
673	-21.61	-22.65		66.19		-20.04	14.8
674	-22.53	-24.07		66.6	-2.86	-20.21	16.41
675		-23.56		56.05		-20.55
676				55.99		-17.57
677	-23.18			54.47	-4.17	-20.92	12.3		{"person":"mark_zuckerberg", "desc":"Acquires Oculus VR for $2bn","link":"http://techcrunch.com/2014/03/25/facebook-to-buy-oculus-vr-maker-of-the-rift-headset-for-around-2b-in-cash-and-stock/"}
678	-23.22	-21.84			-2.49		13.47
679	-23.73	-20.05			-1.4		7.12
680	-23.14	-19.85		54.89	-0.89	-19.44	8.75
681	-21.18			55.18	0.1	-21.14	6.92
682		-21.3		55.25		-21.45
683				54.76		-23.94
684	-21.17			52.17	-0.08	-23.57	6.23
685	-22.32	-21.87			-0.51		8.64
686	-21.33	-20.93			-0.2		8.6
687	-21.12	-21.62		53.04	-0.24		3.94
688	-21.22	-21.67		54.03	-0.87	-25.85	1.8
689		-22.28		54.95		-23.71
690				55.62		-23.7
691	-21.52			55.88	-0.99	-23.23	3.36
692	-20.2	-22.28			-0.51		4.76
693	-20.22	-21.57			-0.14		10.45
694	-22.49	-21.81			1.33	-21.22	8.05
695	-21.02	-21.57		54.43	1.93	-20.68	8.35
696		-22.3		53.37		-22.79
697				53.07		-21.48
698	-22.34			52.17	3.3	-22.5	8.4
699	-22.98	-22.33			1.85		8.46
700	-24.06	-23.2			2.06		8.22
701	-34.23	-19.27		53.33	2.17	-23.64	6.56
702	-34.04	-20.22		52.47	2.21	-21.04
703		-19.93		52.19		-20.67
704				51.52		-22.65
705	-34.42			54.87	1.61	-22.91	10.02
706	-33.82	-18.38					12.15
707	-32.23	-17.77			2.29		10.09
708	-33	-18.14		54.85	2.06	-20.35	8.65
709	-32.97	-18.5		55.95	2.03	-19.97	4.85
710		-17.76		57.54		-18.44
711				59.45		-18.61
712				59.66	1.08	-18.97	2.02
713	-33.31	-16.62					4.93
714	-34.27	-16.75			0.27		7.58
715	-34.88	-16.52		50.09	0.7	-17.09	9.7
716	-34.02	-17.58		47.9	2.66	-16.65	8.56
717		-18.55		49.21		-15.43
718				48.22		-14.91
719	-35.02			45.24	2.3	-12.78	9.54
720	-35.68	-16.46			2.33		6.2		{"person":"meg_whitman", "desc":"Dropped From Dow Index","link":"http://allthingsd.com/20130910/hewlett-packard-shares-dropped-from-dow-jones-industrial-index/"}
721	-35.61	-12.83			2.54		4.47
722	-36.35	-10.88		43.47	2.48	-14.39	3.73
723	-36.14	-9.43		43.39	2.15	-15.47	4.09
724		-8.54		41.45		-14.95
725				43.21		-15.25
726	-37.02			45.1	0.1	-13.22	6.91
727	-37.69	-7.2			0.55		7.26
728	-37.94	-9.04			-1.02		6.95
729	-39.43	-8.45		48.48	-2.13	-13.9	5.39
730	-39.45	-9.33		47.72	-3.03	-14.66	5.02
731		-10.15		49.96		-14.64
732				50.1		-15.34
733	-39.36						6.26
734	-39.29	-9.8			-3.52		5.84
735	-38.72	-10.43			1.45		8.41
736	-39.43	-10.38		48.67	3.9	-15.04	7.87
737	-39.7	-10.91		46.5	3.24	-15.6	8.52
738		-10.97		46.93		-16.71
739				48.04		-18.11
740	-40.06			49.5	2.69	-18.41
741	-39.88				3.11		10.93
742	-39.58	-11.28			3.51		11.3
743	-40.3	-10.35		49.79	3.77	-18.29	11.26
744	-39.86	-11.21		50.23	5.27	-18.53	10.47
745		-10.71		42.24		-18.59
746				41.8		-19.12
747	-40.21			40.11	4.59	-19.97	10.23
748	-39.51	-10.41			4.17		9.95
749	-33.82	-12.99			4.88		10.31
750	-36.08	-17.63		40.14	5.5	-19.96	8.91
751	-35.24	-16.55		40.49	6.1	-20.37	7.09
752		-18.07		44.56		-20.84
753				50.69		-25.81
754	-35.35			51.24	5.76	-26.82	7.37
755	-35.3	-20.58			5.71		12.26
756	-34.69	-20.25			5.66		12.44
757	-34.82	-19.44		50.48	6.27	-26.58	10.77
758	-35.39	-18.24		49.63	7.17	-27.47	10.79
759		-18.78		52.8		-26.8
760				52.68		-27.22
761	-35.3			52.47		-27.13	9.99
762	-34.08	-14.52			8.33		9.94
763	-34.5	-14.86			8.05		11.33
764	-34.54	-16.01		55.29	9.61	-27.83	9.28
765	-34.45	-15.79		52.81	9.13	-28.2	9.34
766		-16.26		53.11		-28.86
767				53.27		-27.59
768	-34.78			53.07	9.49	-28.5	10.8
769	-35.03	-17.07			8.93		11.86
770	-33.69	-16.16			9.12		14.01
771	-33.04	-15.82		51.5	9.39	-29.08	13.51
772	-28.82	-15.98		50.78	9.74	-28.94	13.81
773		-16.79		52.06		-29.99
774				52.13		-28.56
775	-29.49			52.18	11.39	-28.5	13.03
776	-30.37	-15.14			12.22		13.03
777	-29.85	-14.61			11.32		10.38
778	-28.27	-13.21		54.48	11.14	-27.89	9.42
779	-28.71	-14.59		55.68	10.58	-27.85
780		-14.75		54.35		-28.99
781				54.74		-28.79
782	-27.6			56.04	10.73	-27.53	8.6
783	-27.96	-14.72			10.13		5.82
784	-28.05	-13.78			9.73		8.86
785	-32.03	-14.38		54.17	8.77	-27.23	9.26
786	-31.88	-14.33		54.05	8.14	-26.36	11.25
787		-14.71		55.67		-26.57
788				56.61		-27.45
789	-31.82			56.65	7.65	-28.46	13.22
790	-31.54	-12.75			8.41		12.6
791	-31.5	-13.21			8.02		13.19		{"person":"tim_cook", "desc":"iPad Air","link":"http://www.forbes.com/sites/connieguglielmo/2013/10/22/apple-expected-to-announce-new-ipads-live-blog/"}
792	-32.08	-11.87			8.62		12.69
793	-31.84	-11.19		59.12	7.74	-28.87	14.3
794		-12.5		58.38		-29.74
795				60.04		-27.37
796	-31.73			60.95	7.97	-25.27	16.14
797	-32.74	-11.78			7.77		15.1
798	-27.14	-14.25			6.35		17.99
799		-12.41		69.63	4.87	-25.24	24.14
800	-27.44	-12.52		66.9	4.87	-24.64	25.12		{"person":"larry_page", "desc":"Acquires Waze","link":"http://mashable.com/2013/06/11/5-reasons-google-waze/#YDiEYlu.2akb"}
801		-13.02		67.12		-23.91
802				67.41		-24.27
803	-27.26			74.91	6.72	-23.86	24.8
804	-26.64	-12.22			7.78		22.85
805	-24.97	-12.52			8.07		23.9
806	-27.23	-13.09		75.43	6.37	-25.35	23.1
807	-26.56	-12.85		74.78	5.45	-26.77	23.09
808		-12.87		73.93		-27.62
809				70.68		-27.76
810	-27.87			66.51	3.75	-27.65	24.16
811	-28.28	-13.14			3.63		23.65
812	-27.4	-12.97			3.4		23.21
813	-28.35	-13.87		59.05	3.34	-27.95	24.98
814	-27.94	-12.79		61.37	3.45	-28.11	23.77
815		-13.6		63.11		-28.61
816				62.47		-29.05
817	-28.1			67.89	4.89	-28.94	23.55
818	-26.52	-13.85			4.85		22.86
819	-27.2	-13.31			5.36		23.19
820	-25.58	-13.85		67.55	4.37	-29.67	23.55
821	-27.08	-13.87		68.97	7.64	-30.45	22.1
822		-14.57		69.88		-29.88
823				70.33		-29.51
824	-27.18			70.8	6.76	-30.56	22.51
825	-27.01	-13.99			6.62		23.13
826		-12.91			7.34		22.37
827	-26.83	-11.46		73.65	6.11		21.83
828	-26.95			73.9	5.45	-30.31	21.66
829		-10.15		71.28		-30.82
830				74.9		-31.05
831	-27.22			72.54	6.86	-30.33	21.89
832	-27.85	-10.61			6.88		23.06
833		-7.98			7.3		20.93
834	-28.09	-8.22		69.7	7.15	-30.63	19.99
835	-26.13	-7.63		67.36	8	-29.33	20.95
836		-9.58		67.16		-29.24
837				68.41		-29.48
838	-25.93			68.23	9.56	-30.47
839	-26.92	-8.68			8.89		23.48
840	-29.03	-8.64			10.43		22.79
841	-28.45	-8.03		69.56	10.3	-30.01	23.26
842	-28.54	-8.03		69.39	10.51	-29.45	24.83
843		-9.1		78.54		-30.46
844				78.25		-29.68
845	-26.37			80.76	10.1	-29.92	25.59
846	-25.72	-9.24			10.54		24.71
847	-26.3	-9.52			13.83		25
848	-24.53	-11.23		85.65	12.54	-30.57	25.65
849	-23.54	-11.99		87.24	12.11	-30.66	25.6		{"person":"marissa_mayer", "desc":"Acquires Ad Network, BrightRoll","link":"http://www.wsj.com/articles/yahoo-to-buy-video-ad-platform-brightroll-1415744065"}
850		-12.26		86.06		-29.93
851				86.19		-30.43
852				85.28	12.11	-30.06	22.2
853	-23.79	-9.86			11.74		23.73
854	-24.25	-10.38			10.8		24.05
855	-25.02			86.12	10.1	-29.49	24.12
856	-25.67	-11.23		89.71	8.93	-30.74	25.96
857		-11.61		91.37		-30.92
858				92.52		-30.7
859	-24.57			95.26		-29.31	25.6
860	-23.78	-12.43			8.99		28.57
861	-22.85	-11.88			8.04		27.67
862	-23.59			97.91	7.61	-28.11	28.01
863	-23.89	-12.42		96.09	8.77	-27.44	29.29
864		-14.12		101.65		-27.44
865				101.04		-25.66
866	-24.44			105.65	8.03	-25.4	29.82
867	-24.31	-13.27			7.59		30.25
868	-24.8	-14.7			9.05		28.18
869	-24.37	-14.41		108.89	8.95	-23.78	28.83
870	-24.11	-15.31		105.04	9.41	-23.71	28.12
871		-16.26		101.55		-22.6
872				103.08		-19.94
873	-25.2			101.77	10.57	-19.14	28.91
874	-24.55	-14.57			10.45		28.82
875	-24.58	-14.31			10.64		28.45
876	-24.24	-13.26		103.09	9.83	-18.74	28.38
877	-23.82	-13.82		102.52	10.28	-18.79	26.25
878		-15.5		102.1		-18.44
879						-19.09
880				101.18	10.77	-18.83	28.26
881	-25.44				11.59		28.9
882	-25.15	-14.76			12.86		28.6
883	-23.81	-14.73		97.45	13.45	-17.72	27.52
884	-24.74	-13.53		98.51	13.22	-17.13	32.06
885		-13.23		96.21		-16.75
886				96.92		-17.52
887	-24.93			98.72	13.01	-18.53	32.01
888	-24.94	-11.57			11.63		31.84
889	-24.97	-18.92			11.65		32.4
890	-25.81	-18.92		95.01	11.24		33.1
891	-25.3	-20.48		97.44	11.61	-19.66	33.22
892		-19.99		95.7		-16.86
893				97.63		-18.05
894	-25.14			101.14	11.54	-18.95	32.51
895	-25.46	-17.68			10.88		31.03
896	-26	-17.22			11.06		23.47
897	-25.53	-16.18		101.56		-19.82	20.18
898	-24.64	-17.13		100.13	10.8	-20.13	19.91
899		-17.37		101.07		-20.73
900				99.76		-21.74
901	-25.7			98.93	12.06	-21.12	17.92
902	-25.21	-16.35			11.46		21.32
903	-26.28	-16.11			11.03		19.91
904	-26.91	-16.32		99.31	10.96	-21.09	20.14
905	-26.25	-15.78		95.56	10.62	-20.58	20.84
906		-15.92		97.69		-21.37
907						-21.41
908	-25.81			97.13	10.6	-21.64	19.38		{"person":"larry_page", "desc":"Hummingbird Search Algorithm","link":"http://www.theguardian.com/technology/2013/sep/27/google-biggest-algorithm-change-hummingbird"}
909	-24.04				10.26		18.54
910	-20.94	-16.17			9.78		18.34
911	-21.5	-16.82		95.85	8.81	-21.17	17.47
912	-19.54	-18.35		99.75	7.83	-21.18	18.26
913		-19.18		98.71		-20.7
914						-22.31
915	-19.39			97.75	9.14	-22.19	17.68
916	-17.18	-19.39			8.95		17.06
917	-16.52	-20.13			8.83		16.13
918	-17.16	-20.93		96.74	6.24	-22.54	15.9
919	-16.96	-19.86		99.63	5.72	-22.72	15.87
920		-19.87		94.67		-22.54
921				97.6		-21.69
922	-17			96.93	5.77	-22.73	15.25
923	-16.14	-19.06			6.29		17.69
924	-15.35	-19.93			5.62		20.05
925	-16.13	-19.87		94.91	6.14	-23.75
926	-14.83	-20		93.05	6.02	-23.77	20.07
927		-19.75		90.8		-23.17			{"person":"marissa_mayer", "desc":"Plans to Spin Off Alibaba Stake","link":"http://www.wsj.com/articles/yahoo-to-spin-off-alibaba-stake-1422393311"}
928				88.44		-21.71
929	-13.67			86.82	5.73	-21.55	17.63		{"person":"larry_page", "desc":"Shares top $1000 as Mobile Takes Off","link":"http://www.reuters.com/article/2013/10/18/us-google-results-stocks-idUSBRE99H0KW20131018"}
930	-15.02	-19.64			5.53		17.49
931	-15.77	-18.36			5.17		16.13
932	-12.86	-18.58			4.97	-21.81	16.81
933	-12.62	-18.29		90.64	4.96	-20.99	18.27
934		-18.92		92.33		-21.25
935				91.75		-16.6
936	-11.91			91.68	4.11	-14.62	19.52
937	-13.52	-19.27			3.2		19.37
938	-14.36	-19.56			2.28		20.42
939	-16.03	-19.1		93.04	2.86	-15.43	22.24
940		-19.7		90.99	2.62	-13.18	23.84
941		-18.27		86.64		-11.79
942				73.97		-10.61
943	-16.53			76.82	4.06	-10.19	23.79
944	-17.77	-16.31			3.33		21.6
945	-17.17	-15.56			4.2		21.34
946	-16.92	-15.16		78	3.6	-11.6	22.25
947	-16.54	-15.07		76.16	2.65	-10.49	24.12
948		-15.26		73.96		-10.61			{"person":"tim_cook", "desc":"Buys Beats for $3 Billion","link":"http://www.wsj.com/articles/apple-to-buy-beats-1401308971"}
949				70.24		-11.78
950	-14.91			68.63	2.2	-9.76	26.13
951	-13.49	-16.14			2.5		25.25
952	-13.46	-16.75			1.89		25.29
953	-14.83	-16.77		67.83	1.95	-9.85
954	-15.15	-16.6		67.61	1.79	-10.16	24.43
955		-15.49		66.71		-9.54
956				68.46		-9.13
957	-15.41			69.11		-9.73	23.26
958	-15.2	-15.83			2.76		22.78
959	-14.42	-16.51			3.06		21.98
960	-14.32	-16.85			3.72	-9.82
961	-14.4	-15.3		65.54	3.69	-9.1	22.89
962		-14.78		65.76		-8.2
963				67.86		-8.31
964	-14.7			65.83	3.38	-9.25	22.85
965	-13.21	-14.92			2.82		22.77
966	-13.4	-15.78			3.8		21.25
967	-14.22	-16.69		63.48	3.69	-8.74	22.22
968	-14.38	-15.92		62.68	3.06	-8.77	22.37
969				66.65		-7.45
970				66.04
971	-13.57			66.21	3.03	-7.31	21.78
972	-13.77	-15.46			2.07		21.44
973	-15.22	-16.18			3.01		21.74
974	-17.61	-16.6		64.1	2.29	-9.72	19.96		{"person":"meg_whitman", "desc":"Cuts Up to 16K More Jobs","link":"http://time.com/109704/hewlett-packard-job-cuts-earnings-q2/"}
975	-13.24	-10.22		59.46	3.23	-12.03	20.12
976		-7.94		65		-13.44
977				65.12		-12.55
978				64.26	1.58	-13.83			{"person":"john_donahoe", "desc":"Acquires Milo for $75m","link":"http://www.cnet.com/news/ebay-buys-milo-to-unite-online-offline-shopping/"}
979	-15.86	-4.35			1.54		21.27
980	-14.98	-5.31			0.63		21.74
981	-14.71	-5.92		62.02	0.04	-14.32	21.03
982	-14.96	-5.99		63.63	-0.01	-12.93	21.12
983		-5.74		63.27		-12.85
984				63.53		-12.53
985	-15.02			63.95	0.2	-12.25	20.26
986	-14.3	-4.73			0.24		19.86		{"person":"larry_page", "desc":"Acquires Boston Dynamics Robotics","link":"http://www.theverge.com/2013/12/14/5209622/google-has-bought-robotics-company-boston-dynamics"}
987	-14.48	-4.44			0.43		21.72
988	-15.09	-4.47		64.45	0.15	-13	23.32
989	-15.66	-4.8		65.2	-1.15	-11.75	21.26
990		-5.67		67.03		-13.01
991				67.86		-12.7
992	-16.2			66.95	-0.93	-14.91	18.73
993	-16.55	-6.15			-0.31		18.09
994	-17.33	-5.7			0.41		18.73
995	-16.32	-5		66.28	-0.39	-15.8	17.51		{"person":"john_donahoe", "desc":"Acquires brands4friends for $200m","link":"http://techcrunch.com/2010/12/20/breaking-ebay-acquires-brands4friends-for-200-million/"}
996	-12.15	-5.08		65.7	-0.78	-19	16.22
997		-4.18		68.87		-19.35
998				70.36		-19.88
999	-13.01			71.79	-0.92		16.63
1000	-13.31	-3.87			0.3		16.29
1001	-14.31	-3.17			0.92		17.99
1002	-14.81	-3.73		69.28	-0.73	-19.95	16.2
1003	-15.62	-4.11		68.95	11.49	-19.71	14.6
1004		-3.76		68.48		-19.8
1005				68.32		-20.33
1006	-14.89				10.43	-20.88
1007	-15.95				10.57		14.26
1008	-17.4	-3.13			13.9		15.77
1009	-16.6	-3.12		65.46	12.62	-19.64	19.41
1010	-16.95	-1.88		65.47	11.08	-19.92	19.37		{"person":"marissa_mayer", "desc":"Misses Forecast","link":"http://www.cnbc.com/2015/04/21/yahoo-earnings-15-cents-per-share-vs-expected-eps-of-18-cents.html"}
1011		-2.13		69.99		-19.82
1012				70.9		-20.91
1013	-17.71			68.49	11.15	-22.72	17.67
1014	-17.43	-2.67			13.12		16.92
1015	-18.14	-1.22			13.11		18.6
1016	-18.37	-0.51		67.22	13.44	-21.29	19.37
1017		-1.16		70.4	12.98	-21.27	17.81		{"person":"larry_page", "desc":"Acquires Nest","link":"http://www.wired.com/2014/01/googles-3-billion-nest-buy-finally-make-internet-things-real-us/"}
1018		-2.01		70.03		-20.57
1019				70.32		-20.84
1020	-18.05			67.92	12.47	-20.13	17.91
1021	-17.84	-0.78			11.87		18.35
1022	-17.99	-0.23			12.23		20.6
1023	-17.07	-0.51		66.6	12.74		20.68
1024	-17.14	-1.39		65.32	11.85	-19.7	20.22
1025		-2.76		62.74		-19.47
1026				61.03		-14.16
1027	-17.17			62.9	11.24	-15.82	19.01
1028	-16.72	-2.02			11.37		18.16
1029	-15.27	-2.51			12.33		18.43
1030	-15.02	-2.98		63.33	12.43	-15.33	19.44
1031	-15.41	-3.24		63.41	11.88	-14.27	18.63
1032		-4.43		60.52		-14.49
1033				60.47		-15.26
1034	-15.97			58.23	12.7	-14.92	17.27
1035	-15.04	-4.53			12.51		19.01
1036	-15.79	-4.71			12.49		20.23
1037	-15.61	-5.26		56.13	12.41	-15.2	22.73
1038	-14.24	-4.68		55.79	11.54	-13.27	23.45
1039		-3.96		57.77		-12.56
1040				65.27		-12.23
1041	-13.74			64.18	12.97	-12.28	24.76
1042	-12.87	-3.2			13.66		26.47
1043	-12.85	-3.68			13.4		25.9
1044	-12.23	-3.71		62.68		-12.66	26.38
1045	-12.92	-3.75		64.14	12.61	-11.99	26.1
1046				66.06		-13.61
1047				65.81		-6.78
1048	-13.2			65.16	12.47	-7.36	24.52
1049	-13.22	-1			12.56		24.22
1050	-13.34	-0.3			13.07		23.9
1051	-13.49	-0.88		62.75	13.11	-9.36	23.58
1052	-13.34	-0.73		50.59	13.63	-7.33
1053		-0.98		57.19		-8.02			{"person":"marissa_mayer", "desc":"Streams First Web NFL Broadcast, Free","link":"http://recode.net/2015/06/03/yahoo-will-stream-the-nfls-first-web-game-for-free/"}
1054				59.86		-7.61
1055	-13.86			59.17	14.33	-8.11	24.14
1056	-13.82	-0.26			15.25		24.14
1057	-14.26	-0.89			16.09		23.06
1058	-13.92	-1.67			15.46		22.31
1059	-15.4	-2.04		58.63	14.39	-7.93	21.59
1060		-2.17		58.27		-9.02
1061				57.41		-8.85
1062	-15.57			57.8	14.89	-8.8	23.22
1063	-15.6	-2.51			14.72		24.25
1064	-16.43	-2.39			14.99		22.2
1065	-12.07	-0.24		58.9	15.49	-9.19	21.7
1066	-12.57	-0.37		58.37	15.69	-11.04	21.28
1067		0.79		57.88		-10.31
1068				57.92		-11.26
1069	-12.2			57.37	15.96	-13.33	23.18
1070	-10.86	2.29			15.44		23.48
1071	-10.06	1.68					24.45
1072	-10.22	0.99		55.87	15.7	-13.48	20.69
1073	-10.64	0.46		54.7	16.09	-13.64	18.55
1074		1.41		54.36		-14.13
1075				50.08		-13.22
1076				49.46	15.23	-14.13	19.86
1077	-10.87	0.13			15.78		18.17
1078	-10.33	0.34					18.59
1079	-11.09	0.12		49.9	15.92	-14.08	18.03
1080	-11.68	0.08		49.77	15.39	-13.93	16.85
1081		-0.47		50.67		-14.32
1082				48.49		-14.31
1083	-12.57			47.5	17.19	-13.08	16.32
1084	-12.96	0.15			18.31		16.27
1085	-13.04	0.4			18.21		17.55
1086	-13.78	0.7		47.24	17.33	-14.33	17.41
1087	-13.79	0.54		46.77	16.81	-15.08	16.18
1088		0.77		48.91		-14.28
1089				49.64		-12.47
1090	-13.6			46.91	17.79	-12.84	15.67
1091	-14.22	1			18.56		15.26
1092	-13.43	1.96			17.58		16.59
1093	-13.22	2.02		46.2	18.25	-16.21	19.29		{"person":"john_donahoe", "desc":"Acquires GSI Commerce for $2.4b","link":"http://techcrunch.com/2011/03/28/ebay-to-acquire-gsi-commerce-for-2-4-billion/"}
1094	-13.48	1.91		46.79	18.26	-14.98	17.95
1095		2.51		46.17		-14.09
1096				46.47		-15.83
1097	-13.25					-15.22	17.92
1098	-14.5	2.31			18.82		17.75
1099	-15	1.36			18.47		17.6
1100	-14.95	2.63		44.1	18.64	-15.12	17.06
1101	-15.57	3.02		42.53	17.46	-13.97	17.18		{"person":"marissa_mayer", "desc":"Missed Earnings Forecast","link":"http://www.cnbc.com/2015/07/21/yahoo-earnings-16-cents-per-share-vs-expected-eps-of-18-cents.html"}
1102		2.76		41.28		-14.21
1103				42.36		-14.96
1104	-16.41			41.37	16.35	-15.53
1105	-14.98				18.24		16.73
1106	-15.85	3.16			17.88		16.8
1107	-16.1	-0.64		42.39	18.81	-15.13	16.4		{"person":"larry_page", "desc":"Acquires Titan Aerospace","link":"http://www.wsj.com/articles/SB10001424052702304117904579501701702936522"}
1108	-15.29	-1.24		40.99	24.16	-15.65	15.65
1109		-0.84		40.24		-16.24
1110				40.41		-15.71
1111	-10.86			41.9	22.35	-13.77	16.96		{"person":"meg_whitman", "desc":"Lays off another 5k","link":"http://www.reuters.com/article/2014/10/06/us-hp-restructuring-idUSKCN0HV0U720141006"}
1112	-13.5	-1.65			21.81		17.33
1113	-13.42	-1.16			22.96		19.71		{"person":"tim_cook", "desc":"Apple Watch, Apple Pay Announced","link":"http://www.theverge.com/2014/9/9/6125873/apple-watch-smartwatch-announced"}
1114	-15.57	1.12		41.16	23.36	-14.12	20.09
1115	-15.62	1.43		42.13	23.13	-14.42	20
1116		2.2		41.36		-14.53
1117				41.95		-14.56
1118	-16.44			42.25	22		18.95
1119	-17.86	3.27			22.53		19.13
1120	-16.19	1.73			21.87		19.83
1121	-13.17	2.24		39.89	22.08	-12.04	19.21
1122	-13.6	1.76		38.09	22.28	-12.39	19.52
1123		1.23		37.3		-10.57
1124				35.94		-10.73
1125	-15.6			33.23		-9.74	18.81
1126	-15.34	2.49			22.27		18.72
1127	-15.24	4.53			22.41		19.57
1128	-15.49	2.57		33.63	21.74	-11.42	19.59
1129	-16.09	0.61		35.46	21.83	-10.98	19.39
1130		2.53		35.03		-11.98
1131				34.34		-12.44
1132	-15.25			35.46	21.86	-12.73	21.74
1133	-16.14	2.02			22.77		26.1
1134	-16.24	2.96			22.66		28.45
1135	-16.69	2.99		35.67	21.8	-12.15	27.43
1136	-16.55	3.55		33.28	21.75	-10.9	28.27
1137		2.21		27.39		-11.7
1138				32.99		-11.55
1139	-16.74			33.75	21.32	-10.49	28.12
1140	-16.37	2.69			20.45		27.34
1141	-15.67	3.4			20.61		28.37
1142	-16.06	3.58		32.1	20.91	-12.26	29.01
1143	-15.42	5.95		31.43	20.87	-11.53
1144		8.17		30.63		-11.91
1145				30.26		-12.12
1146	-14.56			30.37	20.6	-12.62	29.86
1147	-15.05	8.77			20.21		29.23
1148	-15.89	7.27			20.49		29.17
1149	-16.32	6.25		28.88	20.42	-13.54	29.18
1150	-15.19	4.81		31.22	19.19	-15.36	30.3		{"person":"tim_cook", "desc":"iPad Air 2, new iMac","link":"http://www.wsj.com/articles/apple-updates-ipad-apple-pay-1413480121"}
1151		5.32		28.98		-16.15
1152				30.42		-16.91
1153	-13.74			27.88	20.18	-17.27	31.55
1154	-14.11	6.14			20.6		30.08
1155	-14.36	6.47			20.12		30.35
1156	-15.41	7.9		25.76	19.59		30.29
1157	-14.85	8.11		26.99	19.35	-17.09	34.97
1158		7.76		24.62		-16.55
1159				28.08		-14.94
1160	-15.06			25.62	18.21	-16.38	38.91
1161	-14.82	7.59			18.07		39.88
1162	-11.9	7.39			17.02		38.93
1163		8.35			15.81	-17.51	37.32
1164	-12.2	7.58			16.3	-16.48	41.07
1165		7.09				-13.85
1166						-13.88
1167	-12.15				14.52	-14.53	38.35
1168	-11.79	8.29			14.73		38.64
1169	-11.91	7.85			14.52		40.49
1170	-11.77	8.18			16.26	-14.69	37.45
1171	-10.9	7.61			13.87	-16.21	35.74
1172		8.05				-17.86
1173						-18.16
1174	-12.62				14.24	-16.9	36.27
1175	-13.68	7.43			16.85		36.41
1176	-14.09	8.08			16.83		38.93
1177	-12	9.27			16.25	-17.35	39.29
1178	-12.03	10.69			15.9	-16.42	38.44
1179		11.83				-17.1
1180						-17.9
1181	-12.04				16.84	-19.41	36.64		{"person":"larry_page", "desc":"Google Fit Announced","link":"http://www.forbes.com/sites/parmyolson/2014/06/26/google-fit-health-data-lucrative/"}
1182	-11.62	12.06			17.25		37.63
1183	-10.37	12.76			18.96		38.26
1184	-9.68	12.61			14.37	-19.46	37.44
1185	-9.82	13.59				-19.98	38.49
1186		13.48				-15.07
1187						-12.25
1188	-10.35				12.81	-12.32	36.59
1189	-8.78	14.55			13		39.28
1190	-8.53	13.49			12.28		40.61
1191		14.14			11.06		37.48
1192	-8.81				10.65	-12.89	35.41
1193		13.97				-12.4
1194						-12.5			{"person":"john_donahoe", "desc":"Acquires Zong for $240m","link":"http://techcrunch.com/2011/07/07/ebay-acquires-mobile-payments-company-zong-for-240-million-in-cash/"}
1195	-8.78				10.65	-11.87	34.29
1196	-8.2	11.77			12.67		36.37
1197	-8.74	10.68			12.07		37.43		{"person":"mark_zuckerberg", "desc":"1bn Daily Logins","link":"http://www.theverge.com/2015/8/27/9217607/facebook-one-billion-daily-active-users"}
1198		11.5			12.48	-11.44	38.05
1199	-8.31	11.19			11.6	-12.54	39.57
1200		10.46				-12.69
1201						-12.13
1202	-8.4				11.52	-11.3	38.63
1203	-7.91	8.87			10.39		39.32
1204	-7.99	9.94			9.78		40.12
1205	-7.49	9.75			10.68	-10.81	37.89
1206	-6.88	8.86			11.49	-9.92	39.52
1207		8.28				-11.11
1208						-11.02
1209	-7.83				12.01	-11.63
1210	-8.02	7.91			13.03
1211	-8.39	7.77			12.35
1212	-10.01	8.18			12.09	-10.33
1213	-10.9	8.94			11.34	-8.6
1214		7.71				-9
1215						-9.08
1216					12.59	-10.39
1217	-10.64	8.46			13.71
1218	-11	8.44			14.7
1219	-9.17	7.75			15.26	-9.27
1220	-9.27				16.11	-11
1221		8.89				-9.69
1222						-11.38
1223	-12.33					-12.74
1224	-14.05	8.82			16.96
1225	-13.71	8.15			16.39
1226	-13.21	7.02			15.79	-13.79
1227	-16.05				16.15	-8.38
1228		6.21				-7.67
1229						-8.63
1230	-16.01				14.82	-8.19
1231	-13.95	4.86			12.9
1232	-13.46	6.24			12.28
1233	-14.22	6.39			13.36	-8.83
1234	-13.85	8.48			12.92	-9.26
1235		9.34				-9.16
1236						-11.48
1237	-14.22				13.46	-12.53
1238	-14.76	7.54			12.93
1239	-14.35	8.57			12.93
1240	-14.92	8.68			12.23	-12.02
1241	-15.14	7.31			12.06	-10.83
1242		5.02				-11.22
1243						-11.7
1244					10.18	-10.41
1245	-15.3				9.44
1246	-16.25	7.25			10.78
1247	-16.06	7.78			11.73	-10.25
1248	-16.57	8.65			11.81	-9.39
1249		9.04				-9.74
1250						-9.98
1251	-17.09				13.32	-10.58
1252	-16.56	8.84			13.45
1253	-24.82	7.05			15.33
1254	-26.56	14.16			15.12
1255	-24.4	16.58			14.8	-10.77
1256		16.06				-11.98
1257						-9.02
1258	-24.9				14.34	-13.03			{"person":"meg_whitman", "desc":"Acquires Aruba Networks for $3 billion","link":"http://fortune.com/2015/03/02/hewlett-packard-aruba-networks/"}
1259	-25.23	16.48			14.36
1260	-25.86	15.24			14.25
1261	-26.51	16.4			13.97	-11.07
1262	-27.47	15.58				-12.44
1263		15.11				-11.64
1264						-7.32
1265	-28.2				14.4	-3.11
1266	-27.6	16.32			13.54
1267	-27.58	17.03			13.8
1268	-27.98	19.44			13.74	-4.46
1269	-28.3	19.54			14.54	-4.7
1270		19.24				-4.21
1271						-2.74
1272	-29.25				15.37	-2.57
1273	-29.26				15.76
1274	-28.61	19.81			15.04
1275	-29.15	20.47			14.75	-2.46
1276	-28.69	19.77			17.7	-3.7
1277		19.99				-4.23
1278						-6.76
1279	-28.1				16.59	-7.92
1280	-28.17	23.11			16.77
1281	-28.88	22.16			16.62
1282	-29.11	19.06			16.24	-9.24
1283	-30.66	20.07			15.87	-7.96
1284		18.84				-6.42
1285						-5.41
1286	-31.27				16.18	-5.49
1287	-31.52	18.36			15.25
1288	-30.94	19.28			15.02
1289	-30.8	18.83			14.33	-5.07
1290		16.49			13.6	-4.15
1291		17.98				-5.18
1292						-5.77
1293	-30.28				14.5	-4.76
1294	-31.08	18.12			13.51
1295	-31.43	17.65			13.72
1296	-31.69	15.74			13.71	-4.19
1297	-30.78	16.78			13.99	-3.88
1298		16.49				-3.91
1299						-6.69
1300	-29.4				13.06	-8.15
1301	-29.63	16.39			12.37
1302	-28.99	18.15			13.65
1303	-29.43	18.39			13.18	-9.56
1304	-28.96	17.27			12.7	-9.47
1305		15.02				-11.57
1306						-11.08
1307	-27.95				13.33	-8.39
1308	-28.66	16.57			13.69
1309	-28.32	16.47			13.4
1310	-28.89	16.18			12.69	-10.58
1311	-29.65	17.31			12.55	-10.64
1312		15.71				-9.21
1313						-7.61
1314	-29.61				11.71	-8.16
1315	-29.18	17.29			10.92
1316	-28.56	16.59			9.98
1317	-28.14	16.91			9.76	-9.14
1318	-27.27	17.75			9.61	-8.97
1319						-10.3
1320						-11.66
1321	-27.76					-10.58
1322	-27.69	18.92			10.36
1323	-28.85	17.84			11.14
1324	-28.52	16.49			12.08	-10.85
1325	-28.08	16.82			12.44	-11.7
1326		16.82				-12.74
1327						-13.6
1328	-27.31				12.94	-12.61
1329	-28.75	16.77			12.1
1330	-28	16.52			11.54
1331	-28.14	16.18			10.97	-14.07
1332	-28.31	15.69			10.39	-13.14
1333		16.15				-12.48
1334
1335	-29.48				10.96	-12.8
1336	-29.05	17.31			11.49
1337	-29.77	16.22			12.11
1338	-28.43	17.3			12.09	-11.49
1339	-26.44	17.77			13.96	-13.81
1340		17.48				-14.84
1341						-14.77
1342					13.72	-15.02
1343	-28.56	20.37			13.03
1344	-28.75	18.59			13.25
1345	-28.91	17.58			12.95	-12.82
1346	-29.05	16.3			12.32	-12.05
1347		18.3				-11.92
1348						-9.87
1349	-28.46				12.46	-9.85
1350	-28.12	17.8			12.89
1351	-28.27	16.95			13
1352	-29.11	16.68			13.03	-10.13
1353	-30.04	16.3			12.92	-9.82
1354		17.12				-10.1
1355						-12.15
1356	-29.89				13.74	-10.28
1357	-30.01	16.16			12.86
1358	-30.18	16.14			12.61
1359	-31.09	16.15			12.39	-11.05
1360	-30.89	17.23			11.92	-11.28
1361		17.13				-11.24
1362						-11.19
1363	-32.1				11.45	-11.18
1364	-32.57	17.72			11.9
1365	-31.51	17.8			10.58
1366	-32.69	17.76			9.75
1367	-33.07	18.51			5.87	-11.17
1368		19.59				-11.45
1369						-12.4
1370	-33.76				6.33	-12.2
1371	-33.98				4.95
1372	-33.68	18.27			6.74
1373	-34.25	18.73			7.19
1374	-35.28	18.7			5.53	-10.77
1375		17.99				-14.11
1376						-13.25
1377	-34.9				5.67	-13.62
1378	-35.19	17.93			5.57
1379	-34.43	17.55			5.82
1380	-34.01	17.17			5.78	-14.03
1381		17.41			5.72	-12.93
1382		16.55				-12.31
1383						-12.59
1384	-34.04				4.77	-14.81
1385	-33.62	16.86			5.19				{"person":"tim_cook", "desc":"Apple Music Announcement","link":"http://www.cbsnews.com/news/apple-wwdc-2015-iphone-ipad-apple-watch-music-streaming/"}
1386	-33.2	16.7			3.72
1387	-33.51	16.57			2.53
1388	-33.95	16.18			2.69	-15.6
1389		15.61				-17.39
1390						-14.77
1391	-34.72				3.45	-13.59
1392	-35.63	15.87			3.82
1393	-35.57	15.9			2.94
1394	-36.69	15.41			2.49	-13.35
1395	-37.24	14.4			2.08	-13.53
1396		13.61				-14.53
1397						-14.75
1398	-37.16				0.89	-14.72
1399	-36.59	13.69			-0.18
1400	-35.92	13.04			0.89
1401	-34.64	14.84			-0.3	-15.3
1402	-34.79	14.52			-0.15	-15.31
1403		14.56				-14.74
1404						-13.76
1405	-35.35				-0.74	-14.48
1406	-35.94	15.32			-0.49
1407	-36.16	15.49			-1.37
1408	-35.7	15.96				-15.18
1409	-35.9	15.91			-1.21	-14.64
1410						-14.52
1411						-14.31
1412	-36.79				-1.59	-14.24
1413	-37.22	15.9			-2.37
1414	-36.51	15.49			-3.05
1415	-35.8	14.63			-1.93	-14.69
1416	-37.19	12.01			-4.78	-15.22
1417		13.27				-13.84
1418						-12.07
1419	-36.16				-3.49	-10.42
1420	-37.3	13.78			-3.04
1421	-37.87	12.99			-2.82
1422	-39.12	14.21			-2.57
1423	-38.75	14.29			-3.39	-10.12
1424		14.24				-10.86
1425						-8.13
1426	-39.48				-3.44	-7.48
1427	-39.56	16.2			-5.57
1428	-40.47	15.28			-5.99
1429	-39.61	11.18			-6.57	-7.04			{"person":"larry_page", "desc":"Confirms Plan to Offer Wireless Service","link":"http://www.wsj.com/articles/google-confirms-plan-to-offer-wireless-service-1425308552"}
1430	-37.13	11.67			-5.92	-7.53
1431		12.35				-9.15
1432						-8.23
1433	-36.7				-4.03	-8.14
1434	-38.6	11.86			-2.54
1435	-37.87	11.32			-3.03
1436	-37.81	10.48				-8.7
1437	-37.47	9.56			-2.88	-9.04
1438		8.61				-8.57
1439						-9.16
1440	-36.73				-3.64	-8.52
1441	-35.39	6.32			-3.41
1442	-36.51	3.11			-3.41
1443	-35.99	3.1				-8.55
1444	-37.94	4.55			-3.42	-7.39
1445		5.18				-6.69
1446						-9.12
1447					-3.75	-6.96
1448		7.75			-4.9
1449		3.47			-6.36
1450		4.9			-7.73	-7.42
1451		5.05			-8.24	-8.27
1452		5.48				-8.23
1453						-7.38
1454					-8.14	-8.82
1455		5.66			-7.2
1456		5.74			-5.99
1457		5.22			-4.94	-8.03
1458		6.05			-5.05	-8.47
1459		3.2				-9.55
1460						-9.88
1461						-9.98
1462		4.62			-5.56
1463		5.71			-3.89
1464		7.22			-2.5	-11.55
1465		7.74			-1.81	-11.27
1466		7.74				-12.17
1467						-12.79
1468					-3.04
1469		8.4			-4.03
1470		6.69			-4.75
1471		8.6			-5.53	-10.16
1472		7.07			-0.03	-10.57
1473		7.12				-10.59
1474						-10.01
1475					-1.9	-9.54
1476					-2.76
1477					-3.85
1478					-4.15	-10.41
1479					-2.99	-10.57
1480						-10.76
1481						1.86
1482					-3.46	1.27
1483					-2.74
1484					-3.4
1485					-3.1	0.67
1486					-2.91	0.08
1487						-0.78
1488						1.48
1489						1.31
1490					-4.1
1491					-4.65
1492					-4.34	1.55
1493					-5.76	0.75
1494						1.45
1495						0.7
1496					-7.03	0.61
1497					-6.53
1498					-5.01
1499					-3.34	2.17
1500					-2.28	2.88
1501						4.23
1502						5.94
1503					-1.02	4.73
1504					0.2
1505					0.37
1506					0.59	4.58
1507					0.23	4.38
1508						4.6
1509						4.61
1510					0.13	4.11
1511					-0.69
1512					-1.23
1513					-1.14	4.65
1514					-2.15	4.18
1515						5
1516						5.37
1517					-1.78	7.24
1518					-2.64
1519					-2.05
1520					-2.67
1521					-3.11	8.99
1522						5.23
1523						4.54
1524					-2.74	6.56
1525					-0.32
1526					0.23
1527					-0.09	7
1528					-1.73	7.94
1529						8.54
1530						8.96
1531					-2.22	8.31
1532					-2.43
1533					-2.94
1534					-4.51	9.86
1535						8.52
1536						7.48
1537						6.7
1538					-4.64	6.77
1539					-4.34
1540					-4.43
1541					-5.03	10.68
1542					-5.35	11.98
1543						10.53
1544						10.34
1545					-5.18	11.6
1546					-6.51
1547					-6.92
1548					-6.44	11.15
1549					-6.88	12.3
1550						10.92
1551						7.93
1552					-6.01	7.95
1553					-6.66
1554					-5.98
1555					-4.95	5.34
1556					-2.88	4.41
1557
1558						3.72
1559					-3.56	3.75
1560					-3.76
1561					-3.66
1562					-4.26	4.65
1563					-5.08	3.11
1564						2.18
1565						3.43
1566					-5.01	3.59
1567					-5.22
1568					-6.24
1569					-5.52	0.49
1570					-5.42	1.25
1571						3.7			{"person":"john_donahoe", "desc":"Profits soar 144%","link":"http://www.nytimes.com/2012/07/19/technology/ebay-profit-soars-144-as-marketplace-revenue-rebounds.html?_r=0"}
1572						11.76
1573					-5.78	15.63
1574					-6.67
1575					-6.64
1576					-6.26	15.44
1577					-6.68	14.64
1578						14.12
1579						14.15
1580					-7.2	15.29
1581					-6.61
1582					-6.09
1583					-5.71	16.74
1584					-6.07	13.66
1585						13.35
1586						13.45
1587						13.08
1588					-6.27
1589					-6.43
1590					-6.29	12.93			{"person":"larry_page", "desc":"Announces Alphabet","link":"http://gizmodo.com/google-creates-alphabet-a-new-parent-company-with-ulti-1723207314"}
1591					-7.28	14.06
1592						12.55
1593						10.6
1594					-6.85	9.82
1595					-5.93
1596					-6.12
1597					-5.99	13.08
1598					-6.53	13.39
1599						11.92
1600						12.77
1601					-6.7	14.89
1602					-6.78
1603					-6.16
1604					-6.71	13.76
1605					-6.56	12.73
1606						15.32
1607						15.59
1608					-6.94	15.71
1609					-7.09
1610					-6.97
1611					-6.59	15.29
1612					-6.07	15.04
1613						16.24
1614						15.15
1615					-6.39	16.73
1616					-5.88
1617					-6
1618					-5.91
1619					-6.16	16.15
1620						15.88
1621						17.63
1622					-5.9	18.4
1623					-6.65
1624					-6.57
1625					-5.81	17.91
1626						17.41
1627						16.21
1628						16.81
1629					-5.78	18.36
1630					-5.12
1631					-4.89
1632					-4.62	19.77
1633					-4.08	18.57
1634						19.41
1635						18.92
1636					-2.82	17.32
1637					-1.35
1638					-1.27
1639					0.48	17.65
1640					15.76	16.18
1641						15.89
1642						18.1
1643					14.44	17.06
1644					15.1
1645					15.86
1646					13.02	16.82
1647					10.92	16.99
1648						16.88
1649						18.51
1650					12.6	17.18
1651					11.74
1652					11.55
1653					11.7	16.12
1654					10.53	13.73
1655						15.56
1656						17.45
1657					12.02	18.55
1658					11.66
1659					12.92
1660					14.25	16.66
1661					13.56	17.31
1662						17.11
1663						24.75
1664					12.05	25.38
1665					18.15
1666					18.17
1667					17.57	25.36
1668					17.72	24.46
1669						23.63
1670						22.09
1671					17.52	24.97
1672					17.35
1673					19.21
1674					20.09	24.97			{"person":"john_donahoe", "desc":"325 Layoffs at Paypal","link":"http://www.businessinsider.com/ebay-confirms-paypal-layoffs-2012-10?IR=T"}
1675					17.97	24.97
1676						22.25
1677						22.91
1678					17.72	23.14
1679					17.16
1680					21.07
1681					19.65	24.07
1682					17.78	23.92
1683						24.27
1684						24.68
1685					16.92	23.92
1686					17.06
1687					17.04
1688					16.02	23.27
1689					15.76	24.85
1690						23.11
1691						23.67
1692						24.92
1693
1694
1695						23.93
1696						24.79
1697						25.32
1698
1699						24.58
1700
1701
1702						30.22
1703						29.98
1704						29.75
1705						30.7
1706						32.33
1707
1708
1709						30.73
1710						30.84
1711						31.93
1712						31.17
1713						31.03
1714
1715
1716						29.17
1717						29.73
1718						29.77
1719						28.6
1720						27.82
1721
1722
1723						28.56
1724						28.17
1725						27.18
1726						28.91
1727						28.19
1728
1729
1730						27.87
1731
1732						26.71
1733						27.02
1734						26.9
1735
1736
1737						27.38
1738
1739						29.86
1740						27.58
1741						28.33
1742
1743
1744						30.23
1745						28.5
1746						28.11
1747						28.04
1748						29.57
1749
1750
1751						28.65
1752						27.28
1753						27.97
1754						30.27
1755						30.42
1756
1757
1758
1759						28.06
1760						27.65
1761						32.96
1762						35.36
1763
1764
1765						33.77
1766						33.11
1767						33.87
1768						34.34
1769						35.72
1770
1771
1772						34.13
1773						34.16
1774						33.55
1775						33.74
1776						33.7
1777
1778
1779						33.28
1780						34.39
1781						34.59
1782						33.99
1783						33.96
1784
1785
1786
1787						33.02
1788						32.34
1789						31.54
1790						31.24
1791
1792
1793						29.74
1794						29.69
1795						29.14
1796						30.56
1797						30.62
1798
1799
1800						31.49
1801						29.26
1802						25.38
1803						23.62
1804						23.5
1805
1806
1807						22.32
1808						23.19
1809						18.48
1810						19.87
1811						17.01
1812
1813
1814						16.73
1815						19.35
1816						21.49
1817						23.85
1818						23.8
1819
1820
1821						19.61
1822						20.78
1823						20.59
1824						25.14
1825
1826
1827
1828						29.71
1829						30.13
1830						30.05
1831						30.47
1832						30.69
1833
1834
1835						30.76
1836						30.6
1837						31.06
1838						32.04
1839						31.17
1840
1841
1842						30.93
1843						31.7
1844						32.02
1845						25.81
1846						23.24
1847
1848
1849						20.42
1850						21.08
1851						22.18
1852						20.03
1853						20.83
1854
1855
1856						20.5
1857						18.69
1858						19.78
1859						20.89
1860						21.01
1861
1862
1863						20.23
1864						19.77
1865						21.44
1866						22.05
1867						22.13
1868
1869
1870						21.35
1871						22.56
1872						23.07
1873						21.44
1874						22.23
1875
1876
1877						20.68
1878						18.33
1879						18.46
1880						18.77
1881						19.13
1882
1883
1884
1885						20.04
1886						19.73
1887						19.02
1888						18.06
1889
1890
1891						16.24
1892						15.12
1893						13.87
1894						13.48
1895						11.85
1896
1897
1898						15.61
1899						14.21
1900						12.56
1901						12.69
1902						12.99
1903
1904
1905						13.75
1906						13.83
1907						14.4
1908						13.73
1909						14.86
1910
1911
1912						15.42
1913						16.33
1914						14.66
1915						15.59
1916						14.61
1917
1918
1919						16.16
1920						17.14
1921						16.44
1922
1923						16.72
1924
1925
1926						16.24
1927						17.27
1928						17.56
1929						17.77
1930						19.49
1931
1932
1933						18.01
1934						19.06
1935						19.87
1936						11.77
1937						9.69
1938
1939
1940						9.57
1941						8.81
1942						9.77
1943						7.73
1944						9.06
1945
1946
1947						8.21
1948						8.4
1949						7.5
1950						7.53
1951						7.39
1952
1953
1954						7.64
1955						10.48
1956						9.41
1957						10.11
1958						9.89
1959
1960
1961						9.49
1962						10.78
1963						11.46
1964						11.22
1965						10.78
1966
1967
1968						9.41
1969						8.51
1970						6.76
1971						5.87
1972						6.49
1973
1974
1975						7.14
1976						6.66
1977						5.84
1978						6.22
1979						5.02
1980
1981
1982
1983						5.05
1984						6.33
1985						7.08
1986						8.86
1987
1988
1989						7.18
1990						8.18
1991						9.9
1992						9.68
1993						9.05
1994
1995
1996						8.83
1997						9.99
1998						8.99
1999						8.37
2000						9.79
2001
2002
2003						9.68
2004						10.42
2005						8.7
2006						12.78			{"person":"john_donahoe", "desc":"Acquires Braintree for $800m","link":"http://www.wsj.com/articles/SB10001424052702303796404579098953724101442"}
2007						11.24
2008
2009
2010						11.58
2011						10.56
2012						9.97
2013						9.72
2014						10.08
2015
2016
2017						9.15
2018						8.12
2019						7.31
2020						7.13
2021						8.14
2022
2023
2024						8.26
2025						7.28
2026						5.13
2027						0.3
2028						0.57
2029
2030
2031						-0.07
2032						-0.53			{"person":"john_donahoe", "desc":"Acquires Shutl","link":"http://techcrunch.com/2013/10/22/ebay-acquires-uk-startup-shutl-to-change-the-ecommerce-game-with-one-hour-delivery/"}
2033						-0.15
2034						0.47
2035						-1.24
2036
2037
2038						-0.53
2039						1.78
2040						1.15
2041						1.42
2042						-0.12
2043
2044
2045						-1.59
2046						-2.22
2047						2.19
2048						2.78
2049						1.99
2050
2051
2052						1.63
2053						1.64
2054						0.85
2055						0.39
2056						-0.48
2057
2058
2059						-0.54
2060						0
2061						-3.09
2062						-4.6
2063						-4.91
2064
2065
2066						-7.41
2067						-8.47
2068						-8.08
2069
2070						-6.15
2071
2072
2073						-4.27
2074						-2.99
2075						-4.58
2076						-3.87
2077						-3.45
2078
2079
2080						-4.19
2081						-3.57
2082						-3.24
2083						-3.11
2084						-2.83
2085
2086
2087						-0.6
2088						-1.45
2089						-1.55
2090						-0.76
2091						0.28
2092
2093
2094						0.52
2095						0.13
2096
2097						-2.16
2098						-1.7
2099
2100
2101						-1.95
2102						-0.94
2103
2104						-1.81
2105						-2.79
2106
2107
2108						-5.07
2109						-3.99
2110						-5.19
2111						-5.52
2112						-5.77
2113
2114
2115						-3.67
2116						-4.52
2117						-3.75
2118						-3.93
2119						-4.42
2120
2121
2122
2123						-3.36
2124						-3.29
2125						-1.79
2126						-0.67
2127
2128
2129						-2.34
2130						-2.17
2131						-2.85
2132						-2.73
2133						-2.23
2134
2135
2136						-1.15
2137						-1.02
2138						0.62
2139						1.07
2140						-0.23
2141
2142
2143						-2.22
2144						-2.27
2145						-1.58
2146						-2.33
2147						-2.67
2148
2149
2150
2151						-2.66
2152						-2.59
2153						-2.87
2154						-3.43
2155
2156
2157						-1.09
2158						-1.23
2159						0.75
2160						1.87
2161						2.88
2162
2163
2164						2.81
2165						2.35
2166						1.86
2167						2.76
2168						2.72
2169
2170
2171						1.3
2172						0.75
2173						1.14
2174						0.37
2175						0.8
2176
2177
2178						1.18
2179						0.66
2180						0.32
2181						-0.27
2182						0.44
2183
2184
2185						0.89
2186						0.33
2187						0.47
2188						0.25
2189						0.16
2190
2191
2192						-0.78
2193						-0.98
2194						-2.21
2195						-2.87
2196						-1.34
2197
2198
2199						-2.12
2200						0.48
2201						0.74
2202						0.6
2203						0.8
2204
2205
2206						1.2
2207						0.76
2208						0.94
2209						1.22
2210
2211
2212
2213						0.51
2214						0.53
2215						0.4
2216						-0.3
2217						-0.59
2218
2219
2220						-0.71
2221						0.24
2222						-5
2223						-5.55
2224						-4.89
2225
2226
2227						-5.23
2228						-5.84
2229						-6.24
2230						-6.44
2231						-6.39
2232
2233
2234						-6.58
2235						-5.81
2236						-5.01
2237						-4.81
2238						-4.22
2239
2240
2241						-4.34
2242						-4.35
2243						-5.3
2244						-6.51
2245						-6.27
2246
2247
2248
2249						-7.85
2250						-10.05
2251						-10.98
2252						-9.82
2253
2254
2255						-10.13
2256						-10.19
2257						-10.51
2258						-11.21
2259						-13.26
2260
2261
2262						-13.77
2263						-16.12
2264						-14.99
2265						-14.78
2266						-14.2
2267
2268
2269						-14.48
2270						-14.69
2271						-14.16
2272						-14.19
2273						-14.81
2274
2275
2276						-14.74
2277						-15.31
2278						-15.07
2279						-14.8
2280						-14.12
2281
2282
2283						-14.36
2284						-14.58
2285						-14.48
2286						-14.36
2287
2288
2289
2290						-14.04
2291						-13.82
2292						-13.08
2293						-13.64
2294						-12.04
2295
2296
2297						-13.11
2298						-13.22
2299						-13.61
2300						-11.8
2301						-12.4
2302
2303
2304						-11.88
2305						-11.91
2306						-11.23
2307						-10.23
2308						-10.59
2309
2310
2311						-10.19
2312						-9.67
2313						-10.05
2314						-8.82
2315						-8.98
2316
2317
2318						-8.72
2319						-7.72
2320						-7.42
2321						-6.82
2322						-6.67
2323
2324
2325						-7.68
2326						-8.2
2327						-9.96
2328						-10.36
2329						-11.09
2330
2331
2332						-11.16
2333						-10.47
2334						-11.03
2335						-7
2336						-7.78
2337
2338
2339						-8.17
2340						-7.19
2341						-7.71
2342						-8.28
2343						-8.62
2344
2345
2346
2347						-9.99
2348						-10.03
2349						-10.01
2350						-11.3
2351
2352
2353						-10.94
2354						-12.64
2355						-15.98
2356						-16.76
2357						-13.83
2358
2359
2360						-14.95
2361						-14.51
2362						-14.12
2363						-13.47
2364						-13.71
2365
2366
2367						-12.6
2368						-11.78
2369						-12.37
2370						-11.95
2371						-11.53
2372
2373
2374						-11.86
2375						-4.95			{"person":"john_donahoe", "desc":"Announces Paypal Split","link":"http://www.wsj.com/articles/ebay-to-spin-off-paypal-business-1412075767"}
2376						-5.42
2377						-6.61
2378						-8.27
2379
2380
2381						-9.34
2382						-8.9
2383						-8
2384						-8.95
2385						-8.54
2386
2387
2388						-9.69
2389						-9.74
2390						-10.11
2391						-14.38
2392						-15.08
2393
2394
2395						-14.03
2396						-13.21
2397						-13.74
2398						-13.98
2399						-14.02
2400
2401
2402						-13.94
2403						-15.4
2404						-14.91
2405						-14.86
2406						-14.5
2407
2408
2409						-14.32
2410						-13.11
2411						-12.55
2412						-13.4
2413						-12.87
2414
2415
2416						-12.63
2417						-12.31
2418						-12.79
2419						-12.39
2420						-12.56
2421
2422
2423						-11.49
2424						-11.18
2425						-11.38
2426						-12.52
2427						-12.92
2428
2429
2430						-13.73
2431						-13.78
2432						-14.03
2433
2434						-13.62
2435
2436
2437						-12.46
2438						-12.75
2439						-13.42
2440						-13.55
2441						-13.54
2442
2443
2444						-12.26
2445						-12.34
2446						-11.01
2447						-9.05
2448						-9.62
2449
2450
2451						-9.21
2452						-7.23
2453						-8.41
2454						-8.63
2455						-9.57
2456
2457
2458						-9.57
2459						-9.44
2460						-9.79
2461
2462						-10.51
2463
2464
2465						-10.52
2466						-9.67
2467						-10.63
2468
2469						-10.32
2470
2471
2472						-9.65
2473						-9.65
2474						-10.94
2475						-10.18
2476						-10.81
2477
2478
2479						-10.76
2480						-10.81
2481						-12.17
2482						-12.52
2483						-12.68
2484
2485
2486
2487						-13.03
2488						-13.75			{"person":"john_donahoe", "desc":"Plans 2400 Job Cuts","link":"http://www.wsj.com/articles/ebay-announces-job-cuts-icahn-pact-1421875868"}
2489						-9.29
2490						-10.03
2491
2492
2493						-11.4
2494						-11.9
2495						-12.45
2496						-13.11
2497						-13.77
2498
2499
2500						-13.39
2501						-13.46
2502						-14.12
2503						-14.08
2504						-13.37
2505
2506
2507						-13.3
2508						-12.94
2509						-13.39
2510						-15.01
2511						-12.98
2512
2513
2514
2515						-13.15
2516						-12.54
2517						-11.71
2518						-11.71
2519
2520
2521						-11.72
2522						-11.35
2523						-11.41
2524						-11.49
2525						-12.01
2526
2527
2528						-12.09
2529						-11.77
2530						-11.47
2531						-10.58
2532						-8.36
2533
2534
2535						-7.22
2536						-8.11
2537						-7.2
2538						-8.44
2539						-8.56
2540
2541
2542						-8.86
2543						-9.13
2544						-11.58
2545						-12.56
2546						-13.08
2547
2548
2549						-11.77
2550						-10.14
2551						-10.21
2552						-10.8
2553						-11.14
2554
2555
2556						-11.71
2557						-11.24
2558						-11.71
2559						-12.17
2560
2561
2562
2563						-12.86
2564						-12.33
2565						-13
2566						-13.57
2567						-13.44
2568
2569
2570						-13.91
2571						-13.71
2572						-14.18
2573						-14.1
2574						-14.69
2575
2576
2577						-15.34
2578						-15.14
2579						-15
2580						-12.16
2581						-12.32
2582
2583
2584						-11.93
2585						-11.27
2586						-11.61
2587						-11.08
2588						-10.65
2589
2590
2591						-11.14
2592						-11.53
2593						-11.87
2594						-11.61
2595						-11.34
2596
2597
2598						-11.89
2599						-11.64
2600						-10.97
2601						-10.26
2602						-11.25
2603
2604
2605						-11.7
2606						-11.87
2607						-12.04
2608						-11.5
2609						-11.5
2610
2611
2612
2613						-12.01
2614						-12.3
2615						-10.41
2616						-8.73
2617
2618
2619						-7.18
2620						-7.89
2621						-8.29
2622						-6.85
2623						-5.92
2624
2625
2626						-8.61
2627						-9.13
2628						-10.17
2629						-10.3
2630						-10.39
2631
2632
2633						-10.04
2634						-9.72
2635						-9.84
2636						-10.83
2637						-9.84
2638
2639
2640						-9.64
2641						-9.49
2642						-9.29
2643						-9.13
2644						-9.39
2645
2646
2647						-9.7
2648						-8.9
2649						-9.1			{"person":"john_donahoe", "desc":"Acquires Xoom","link":"http://www.forbes.com/sites/ryanmac/2015/07/01/paypal-acquires-digital-money-transfer-company-xoom-before-ebay-split/"}
